Y	M	Lead	P-Y	P-M	Streamflow_CV
1983 01 0 1983 01 136.3
1984 01 0 1984 01 104.8
1985 01 0 1985 01 1506
1986 01 0 1986 01 143.4
1987 01 0 1987 01 538.2
1988 01 0 1988 01 272.1
1989 01 0 1989 01 225.8
1990 01 0 1990 01 156.9
1991 01 0 1991 01 223.399
1992 01 0 1992 01 842.8
1993 01 0 1993 01 326.898
1994 01 0 1994 01 171.4
1995 01 0 1995 01 253.6
1996 01 0 1996 01 127.3
1997 01 0 1997 01 147.3
1998 01 0 1998 01 262.5
1999 01 0 1999 01 228.501
2000 01 0 2000 01 143.099
2001 01 0 2001 01 523.999
2002 01 0 2002 01 235.3
2003 01 0 2003 01 180.8
2004 01 0 2004 01 171.499
2005 01 0 2005 01 312.799
2006 01 0 2006 01 130.899
2007 01 0 2007 01 138.6
2008 01 0 2008 01 207.5
2009 01 0 2009 01 104.7
2010 01 0 2010 01 523.501
1984 01 1 1984 01 118.361
1985 01 1 1985 01 582.265
1986 01 1 1986 01 164.781
1987 01 1 1987 01 466.217
1988 01 1 1988 01 241.906
1989 01 1 1989 01 213.56
1990 01 1 1990 01 178.267
1991 01 1 1991 01 190.33
1992 01 1 1992 01 2001.01
1993 01 1 1993 01 330.556
1994 01 1 1994 01 195.248
1995 01 1 1995 01 243.065
1996 01 1 1996 01 147.788
1997 01 1 1997 01 321.689
1998 01 1 1998 01 288.653
1999 01 1 1999 01 203.292
2000 01 1 2000 01 136.189
2001 01 1 2001 01 296.958
2002 01 1 2002 01 244.789
2003 01 1 2003 01 249.586
2004 01 1 2004 01 188.029
2005 01 1 2005 01 318.159
2006 01 1 2006 01 135.389
2007 01 1 2007 01 138.309
2008 01 1 2008 01 219.346
2009 01 1 2009 01 116.827
2010 01 1 2010 01 200.3
1984 01 2 1984 02 131.297
1985 01 2 1985 02 2382.45
1986 01 2 1986 02 176.894
1987 01 2 1987 02 731.58
1988 01 2 1988 02 400.5
1989 01 2 1989 02 173.927
1990 01 2 1990 02 308.338
1991 01 2 1991 02 312.386
1992 01 2 1992 02 719.769
1993 01 2 1993 02 353.54
1994 01 2 1994 02 234.673
1995 01 2 1995 02 342.845
1996 01 2 1996 02 129.561
1997 01 2 1997 02 155.971
1998 01 2 1998 02 349.688
1999 01 2 1999 02 225.976
2000 01 2 2000 02 156.058
2001 01 2 2001 02 490.625
2002 01 2 2002 02 315.308
2003 01 2 2003 02 309.65
2004 01 2 2004 02 242.608
2005 01 2 2005 02 399.759
2006 01 2 2006 02 192.407
2007 01 2 2007 02 208.813
2008 01 2 2008 02 167.877
2009 01 2 2009 02 127.538
2010 01 2 2010 02 694.929
1984 01 3 1984 03 176.214
1985 01 3 1985 03 405.026
1986 01 3 1986 03 443.292
1987 01 3 1987 03 509.872
1988 01 3 1988 03 330.379
1989 01 3 1989 03 324.086
1990 01 3 1990 03 247.301
1991 01 3 1991 03 269.486
1992 01 3 1992 03 1874.72
1993 01 3 1993 03 452.532
1994 01 3 1994 03 245.794
1995 01 3 1995 03 247.72
1996 01 3 1996 03 172.085
1997 01 3 1997 03 797.909
1998 01 3 1998 03 334.99
1999 01 3 1999 03 201.788
2000 01 3 2000 03 177.765
2001 01 3 2001 03 538.826
2002 01 3 2002 03 315.583
2003 01 3 2003 03 287.877
2004 01 3 2004 03 234.122
2005 01 3 2005 03 384.978
2006 01 3 2006 03 148.484
2007 01 3 2007 03 141.668
2008 01 3 2008 03 188.731
2009 01 3 2009 03 148.381
2010 01 3 2010 03 741.081
1984 01 4 1984 04 101.871
1985 01 4 1985 04 281.845
1986 01 4 1986 04 179.94
1987 01 4 1987 04 320.693
1988 01 4 1988 04 159.182
1989 01 4 1989 04 212
1990 01 4 1990 04 367.829
1991 01 4 1991 04 130.144
1992 01 4 1992 04 487.149
1993 01 4 1993 04 234.052
1994 01 4 1994 04 155.52
1995 01 4 1995 04 273.208
1996 01 4 1996 04 142.506
1997 01 4 1997 04 821.27
1998 01 4 1998 04 370.079
1999 01 4 1999 04 472.787
2000 01 4 2000 04 142.019
2001 01 4 2001 04 463.666
2002 01 4 2002 04 139.412
2003 01 4 2003 04 176.896
2004 01 4 2004 04 179.738
2005 01 4 2005 04 298.366
2006 01 4 2006 04 186.76
2007 01 4 2007 04 681.35
2008 01 4 2008 04 212.625
2009 01 4 2009 04 141.532
2010 01 4 2010 04 308.197
1983 02 0 1983 02 239.6
1984 02 0 1984 02 95.0002
1985 02 0 1985 02 422.8
1986 02 0 1986 02 479.498
1987 02 0 1987 02 504.198
1988 02 0 1988 02 257.5
1989 02 0 1989 02 338.902
1990 02 0 1990 02 214.2
1991 02 0 1991 02 188.9
1992 02 0 1992 02 3754.01
1993 02 0 1993 02 437.698
1994 02 0 1994 02 193.1
1995 02 0 1995 02 189.101
1996 02 0 1996 02 107.4
1997 02 0 1997 02 2349.01
1998 02 0 1998 02 316.202
1999 02 0 1999 02 190.6
2000 02 0 2000 02 132.1
2001 02 0 2001 02 634.502
2002 02 0 2002 02 278.1
2003 02 0 2003 02 223.9
2004 02 0 2004 02 147
2005 02 0 2005 02 447.099
2006 02 0 2006 02 129
2007 02 0 2007 02 103.7
2008 02 0 2008 02 197.801
2009 02 0 2009 02 100.6
2010 02 0 2010 02 1083
1984 02 1 1984 02 131.047
1985 02 1 1985 02 2313.53
1986 02 1 1986 02 135.833
1987 02 1 1987 02 915.154
1988 02 1 1988 02 533.87
1989 02 1 1989 02 401.402
1990 02 1 1990 02 331.317
1991 02 1 1991 02 372.371
1992 02 1 1992 02 429.941
1993 02 1 1993 02 473.16
1994 02 1 1994 02 189.056
1995 02 1 1995 02 297.634
1996 02 1 1996 02 143.901
1997 02 1 1997 02 269.238
1998 02 1 1998 02 271.526
1999 02 1 1999 02 203.198
2000 02 1 2000 02 124.624
2001 02 1 2001 02 460.537
2002 02 1 2002 02 255.614
2003 02 1 2003 02 264.162
2004 02 1 2004 02 367.938
2005 02 1 2005 02 334.288
2006 02 1 2006 02 182.052
2007 02 1 2007 02 169.597
2008 02 1 2008 02 213.991
2009 02 1 2009 02 97.2113
2010 02 1 2010 02 613.584
1984 02 2 1984 03 163.218
1985 02 2 1985 03 304.513
1986 02 2 1986 03 315.789
1987 02 2 1987 03 595.184
1988 02 2 1988 03 250.41
1989 02 2 1989 03 315.417
1990 02 2 1990 03 355.035
1991 02 2 1991 03 159.674
1992 02 2 1992 03 3164.48
1993 02 2 1993 03 483.806
1994 02 2 1994 03 233.774
1995 02 2 1995 03 339.16
1996 02 2 1996 03 154.384
1997 02 2 1997 03 787.747
1998 02 2 1998 03 403.849
1999 02 2 1999 03 193.407
2000 02 2 2000 03 119.825
2001 02 2 2001 03 748.625
2002 02 2 2002 03 298.218
2003 02 2 2003 03 296.675
2004 02 2 2004 03 302.576
2005 02 2 2005 03 439.42
2006 02 2 2006 03 196.012
2007 02 2 2007 03 132.983
2008 02 2 2008 03 124.231
2009 02 2 2009 03 203.77
2010 02 2 2010 03 504.022
1984 02 3 1984 04 148.259
1985 02 3 1985 04 299.103
1986 02 3 1986 04 150.044
1987 02 3 1987 04 283.757
1988 02 3 1988 04 166.201
1989 02 3 1989 04 177.499
1990 02 3 1990 04 429.075
1991 02 3 1991 04 137.54
1992 02 3 1992 04 602.375
1993 02 3 1993 04 232.63
1994 02 3 1994 04 156.954
1995 02 3 1995 04 257.854
1996 02 3 1996 04 112.852
1997 02 3 1997 04 879.728
1998 02 3 1998 04 364.912
1999 02 3 1999 04 331.309
2000 02 3 2000 04 113.861
2001 02 3 2001 04 343.554
2002 02 3 2002 04 218.052
2003 02 3 2003 04 159.131
2004 02 3 2004 04 187.535
2005 02 3 2005 04 263.099
2006 02 3 2006 04 237.927
2007 02 3 2007 04 716.235
2008 02 3 2008 04 136.885
2009 02 3 2009 04 154.763
2010 02 3 2010 04 290.713
1984 02 4 1984 05 176.043
1985 02 4 1985 05 342.503
1986 02 4 1986 05 185.227
1987 02 4 1987 05 385.492
1988 02 4 1988 05 232.7
1989 02 4 1989 05 227.228
1990 02 4 1990 05 265.042
1991 02 4 1991 05 324.892
1992 02 4 1992 05 428.926
1993 02 4 1993 05 347.842
1994 02 4 1994 05 137.034
1995 02 4 1995 05 258.517
1996 02 4 1996 05 212.651
1997 02 4 1997 05 753.182
1998 02 4 1998 05 260.417
1999 02 4 1999 05 316.443
2000 02 4 2000 05 141.692
2001 02 4 2001 05 539.454
2002 02 4 2002 05 289.567
2003 02 4 2003 05 231.53
2004 02 4 2004 05 1210.71
2005 02 4 2005 05 319.763
2006 02 4 2006 05 124.011
2007 02 4 2007 05 236.835
2008 02 4 2008 05 257.914
2009 02 4 2009 05 392.405
2010 02 4 2010 05 894.929
1983 03 0 1983 03 286.801
1984 03 0 1984 03 73.6003
1985 03 0 1985 03 438.601
1986 03 0 1986 03 144.2
1987 03 0 1987 03 511
1988 03 0 1988 03 225.8
1989 03 0 1989 03 241.201
1990 03 0 1990 03 582.698
1991 03 0 1991 03 156.8
1992 03 0 1992 03 1227
1993 03 0 1993 03 376.7
1994 03 0 1994 03 174.001
1995 03 0 1995 03 384.598
1996 03 0 1996 03 113.5
1997 03 0 1997 03 2798
1998 03 0 1998 03 567.999
1999 03 0 1999 03 613.8
2000 03 0 2000 03 105.5
2001 03 0 2001 03 749.997
2002 03 0 2002 03 201.399
2003 03 0 2003 03 198.401
2004 03 0 2004 03 225.899
2005 03 0 2005 03 487.3
2006 03 0 2006 03 127.5
2007 03 0 2007 03 852.003
2008 03 0 2008 03 195.5
2009 03 0 2009 03 154.499
2010 03 0 2010 03 451.8
1984 03 1 1984 03 155.291
1985 03 1 1985 03 421.936
1986 03 1 1986 03 251.22
1987 03 1 1987 03 691.084
1988 03 1 1988 03 287.896
1989 03 1 1989 03 360.375
1990 03 1 1990 03 387.915
1991 03 1 1991 03 234.909
1992 03 1 1992 03 1789.23
1993 03 1 1993 03 1141.28
1994 03 1 1994 03 210.627
1995 03 1 1995 03 343.424
1996 03 1 1996 03 125.527
1997 03 1 1997 03 1712.82
1998 03 1 1998 03 171.263
1999 03 1 1999 03 236.878
2000 03 1 2000 03 160.328
2001 03 1 2001 03 496.057
2002 03 1 2002 03 262.399
2003 03 1 2003 03 165.103
2004 03 1 2004 03 330.793
2005 03 1 2005 03 284.335
2006 03 1 2006 03 158.948
2007 03 1 2007 03 206.518
2008 03 1 2008 03 145.929
2009 03 1 2009 03 219.297
2010 03 1 2010 03 636.858
1984 03 2 1984 04 80.1955
1985 03 2 1985 04 134.715
1986 03 2 1986 04 190.457
1987 03 2 1987 04 194.777
1988 03 2 1988 04 187.482
1989 03 2 1989 04 134.375
1990 03 2 1990 04 493.946
1991 03 2 1991 04 144.569
1992 03 2 1992 04 545.037
1993 03 2 1993 04 277.235
1994 03 2 1994 04 168.917
1995 03 2 1995 04 314.653
1996 03 2 1996 04 130.491
1997 03 2 1997 04 1028.24
1998 03 2 1998 04 362.607
1999 03 2 1999 04 343.004
2000 03 2 2000 04 120.052
2001 03 2 2001 04 630.687
2002 03 2 2002 04 181.984
2003 03 2 2003 04 159.772
2004 03 2 2004 04 234.755
2005 03 2 2005 04 317.557
2006 03 2 2006 04 177.319
2007 03 2 2007 04 330.027
2008 03 2 2008 04 138.858
2009 03 2 2009 04 168.385
2010 03 2 2010 04 329.084
1984 03 3 1984 05 175.382
1985 03 3 1985 05 350.629
1986 03 3 1986 05 179.139
1987 03 3 1987 05 459.047
1988 03 3 1988 05 282.529
1989 03 3 1989 05 197.043
1990 03 3 1990 05 310.788
1991 03 3 1991 05 245.559
1992 03 3 1992 05 700.462
1993 03 3 1993 05 483.471
1994 03 3 1994 05 152.649
1995 03 3 1995 05 281.428
1996 03 3 1996 05 170.074
1997 03 3 1997 05 616.561
1998 03 3 1998 05 457.737
1999 03 3 1999 05 172.139
2000 03 3 2000 05 149.715
2001 03 3 2001 05 465.551
2002 03 3 2002 05 252.847
2003 03 3 2003 05 185.375
2004 03 3 2004 05 683.251
2005 03 3 2005 05 310.196
2006 03 3 2006 05 141.576
2007 03 3 2007 05 291.37
2008 03 3 2008 05 263.487
2009 03 3 2009 05 437.035
2010 03 3 2010 05 697.183
1984 03 4 1984 06 125.304
1985 03 4 1985 06 221.078
1986 03 4 1986 06 397.837
1987 03 4 1987 06 800.491
1988 03 4 1988 06 137.251
1989 03 4 1989 06 118.387
1990 03 4 1990 06 441.064
1991 03 4 1991 06 172.763
1992 03 4 1992 06 1154.82
1993 03 4 1993 06 1162.35
1994 03 4 1994 06 362.592
1995 03 4 1995 06 170.486
1996 03 4 1996 06 83.1589
1997 03 4 1997 06 383.863
1998 03 4 1998 06 466.652
1999 03 4 1999 06 124.809
2000 03 4 2000 06 110.529
2001 03 4 2001 06 463.587
2002 03 4 2002 06 166.263
2003 03 4 2003 06 338.925
2004 03 4 2004 06 612.798
2005 03 4 2005 06 406.081
2006 03 4 2006 06 155.531
2007 03 4 2007 06 254.721
2008 03 4 2008 06 154.42
2009 03 4 2009 06 230.15
2010 03 4 2010 06 290.362
1983 04 0 1983 04 147.1
1984 04 0 1984 04 51.7
1985 04 0 1985 04 213.1
1986 04 0 1986 04 105.8
1987 04 0 1987 04 346.398
1988 04 0 1988 04 190.3
1989 04 0 1989 04 188.099
1990 04 0 1990 04 278.4
1991 04 0 1991 04 181.501
1992 04 0 1992 04 700.301
1993 04 0 1993 04 376.2
1994 04 0 1994 04 110.299
1995 04 0 1995 04 230.8
1996 04 0 1996 04 109.8
1997 04 0 1997 04 858.4
1998 04 0 1998 04 212.899
1999 04 0 1999 04 219.6
2000 04 0 2000 04 98.3005
2001 04 0 2001 04 476.901
2002 04 0 2002 04 179.4
2003 04 0 2003 04 108.5
2004 04 0 2004 04 663.003
2005 04 0 2005 04 253.999
2006 04 0 2006 04 118.5
2007 04 0 2007 04 318.7
2008 04 0 2008 04 233.899
2009 04 0 2009 04 413.898
2010 04 0 2010 04 871.199
1984 04 1 1984 04 132.554
1985 04 1 1985 04 485.144
1986 04 1 1986 04 139.984
1987 04 1 1987 04 245.631
1988 04 1 1988 04 185.741
1989 04 1 1989 04 191.577
1990 04 1 1990 04 324.075
1991 04 1 1991 04 224.516
1992 04 1 1992 04 498.591
1993 04 1 1993 04 263.946
1994 04 1 1994 04 153.79
1995 04 1 1995 04 217.048
1996 04 1 1996 04 124.435
1997 04 1 1997 04 1089.11
1998 04 1 1998 04 372.398
1999 04 1 1999 04 270.276
2000 04 1 2000 04 126.463
2001 04 1 2001 04 388.742
2002 04 1 2002 04 211.11
2003 04 1 2003 04 194.613
2004 04 1 2004 04 187.157
2005 04 1 2005 04 248.634
2006 04 1 2006 04 154.069
2007 04 1 2007 04 505.511
2008 04 1 2008 04 119.22
2009 04 1 2009 04 161.79
2010 04 1 2010 04 244.691
1984 04 2 1984 05 226.642
1985 04 2 1985 05 422.014
1986 04 2 1986 05 294.394
1987 04 2 1987 05 478.685
1988 04 2 1988 05 203.946
1989 04 2 1989 05 211.378
1990 04 2 1990 05 237.565
1991 04 2 1991 05 251.059
1992 04 2 1992 05 623.888
1993 04 2 1993 05 600.76
1994 04 2 1994 05 184.612
1995 04 2 1995 05 264.55
1996 04 2 1996 05 190.216
1997 04 2 1997 05 691.565
1998 04 2 1998 05 262.956
1999 04 2 1999 05 308.703
2000 04 2 2000 05 131.594
2001 04 2 2001 05 654.461
2002 04 2 2002 05 240.868
2003 04 2 2003 05 188.004
2004 04 2 2004 05 629.531
2005 04 2 2005 05 287.335
2006 04 2 2006 05 136.211
2007 04 2 2007 05 307.049
2008 04 2 2008 05 251.167
2009 04 2 2009 05 283.889
2010 04 2 2010 05 373.667
1984 04 3 1984 06 124.403
1985 04 3 1985 06 1540.94
1986 04 3 1986 06 275.669
1987 04 3 1987 06 569.106
1988 04 3 1988 06 150.495
1989 04 3 1989 06 190.364
1990 04 3 1990 06 255.518
1991 04 3 1991 06 161.018
1992 04 3 1992 06 1383.34
1993 04 3 1993 06 547.998
1994 04 3 1994 06 208.172
1995 04 3 1995 06 176.924
1996 04 3 1996 06 93.7303
1997 04 3 1997 06 858.887
1998 04 3 1998 06 190.783
1999 04 3 1999 06 641.722
2000 04 3 2000 06 150.675
2001 04 3 2001 06 423.737
2002 04 3 2002 06 155.937
2003 04 3 2003 06 326.924
2004 04 3 2004 06 173.766
2005 04 3 2005 06 285.007
2006 04 3 2006 06 159.864
2007 04 3 2007 06 538.277
2008 04 3 2008 06 113.213
2009 04 3 2009 06 205.201
2010 04 3 2010 06 133.618
1984 04 4 1984 07 44.657
1985 04 4 1985 07 51.3242
1986 04 4 1986 07 228.522
1987 04 4 1987 07 346.683
1988 04 4 1988 07 243.386
1989 04 4 1989 07 95.2614
1990 04 4 1990 07 200.153
1991 04 4 1991 07 179.951
1992 04 4 1992 07 585.43
1993 04 4 1993 07 168.816
1994 04 4 1994 07 110.173
1995 04 4 1995 07 284.606
1996 04 4 1996 07 291.657
1997 04 4 1997 07 542.889
1998 04 4 1998 07 208.675
1999 04 4 1999 07 158.521
2000 04 4 2000 07 136.273
2001 04 4 2001 07 155.791
2002 04 4 2002 07 116.081
2003 04 4 2003 07 163.946
2004 04 4 2004 07 164.259
2005 04 4 2005 07 652.525
2006 04 4 2006 07 100.484
2007 04 4 2007 07 429.277
2008 04 4 2008 07 83.3927
2009 04 4 2009 07 87.2498
2010 04 4 2010 07 80.2828
1983 05 0 1983 05 235.401
1984 05 0 1984 05 40.9998
1985 05 0 1985 05 340.801
1986 05 0 1986 05 156.601
1987 05 0 1987 05 539.299
1988 05 0 1988 05 261.499
1989 05 0 1989 05 412.799
1990 05 0 1990 05 1983.01
1991 05 0 1991 05 228.599
1992 05 0 1992 05 674.802
1993 05 0 1993 05 255.599
1994 05 0 1994 05 556.201
1995 05 0 1995 05 435.402
1996 05 0 1996 05 50.3001
1997 05 0 1997 05 308.901
1998 05 0 1998 05 122.3
1999 05 0 1999 05 369.799
2000 05 0 2000 05 130.899
2001 05 0 2001 05 379.1
2002 05 0 2002 05 105.5
2003 05 0 2003 05 100.5
2004 05 0 2004 05 238.4
2005 05 0 2005 05 331.199
2006 05 0 2006 05 412.2
2007 05 0 2007 05 2107.99
2008 05 0 2008 05 233.801
2009 05 0 2009 05 230.8
2010 05 0 2010 05 638.403
1984 05 1 1984 05 128.135
1985 05 1 1985 05 343.236
1986 05 1 1986 05 153.147
1987 05 1 1987 05 295.519
1988 05 1 1988 05 206.002
1989 05 1 1989 05 200.35
1990 05 1 1990 05 222.599
1991 05 1 1991 05 171.745
1992 05 1 1992 05 577.063
1993 05 1 1993 05 379.064
1994 05 1 1994 05 206.11
1995 05 1 1995 05 316.797
1996 05 1 1996 05 162.879
1997 05 1 1997 05 596.822
1998 05 1 1998 05 360.978
1999 05 1 1999 05 451.409
2000 05 1 2000 05 144.134
2001 05 1 2001 05 559.017
2002 05 1 2002 05 261.41
2003 05 1 2003 05 241.81
2004 05 1 2004 05 649.929
2005 05 1 2005 05 371.661
2006 05 1 2006 05 109.072
2007 05 1 2007 05 245.114
2008 05 1 2008 05 223.677
2009 05 1 2009 05 486.457
2010 05 1 2010 05 690.124
1984 05 2 1984 06 357.125
1985 05 2 1985 06 247.306
1986 05 2 1986 06 299.017
1987 05 2 1987 06 524.508
1988 05 2 1988 06 345.495
1989 05 2 1989 06 184.248
1990 05 2 1990 06 181.219
1991 05 2 1991 06 371.398
1992 05 2 1992 06 3102.37
1993 05 2 1993 06 564.436
1994 05 2 1994 06 315.362
1995 05 2 1995 06 124.498
1996 05 2 1996 06 52.4715
1997 05 2 1997 06 223.691
1998 05 2 1998 06 87.9935
1999 05 2 1999 06 308.68
2000 05 2 2000 06 485.689
2001 05 2 2001 06 393.99
2002 05 2 2002 06 206.251
2003 05 2 2003 06 178.856
2004 05 2 2004 06 287.627
2005 05 2 2005 06 255.147
2006 05 2 2006 06 166.766
2007 05 2 2007 06 546.121
2008 05 2 2008 06 200.141
2009 05 2 2009 06 219.162
2010 05 2 2010 06 273.559
1984 05 3 1984 07 147.969
1985 05 3 1985 07 272.096
1986 05 3 1986 07 297.607
1987 05 3 1987 07 451.005
1988 05 3 1988 07 171.251
1989 05 3 1989 07 143.87
1990 05 3 1990 07 166.8
1991 05 3 1991 07 141.3
1992 05 3 1992 07 315.084
1993 05 3 1993 07 150.659
1994 05 3 1994 07 201.097
1995 05 3 1995 07 234.671
1996 05 3 1996 07 125.175
1997 05 3 1997 07 884.382
1998 05 3 1998 07 216.147
1999 05 3 1999 07 105.455
2000 05 3 2000 07 92.8758
2001 05 3 2001 07 120.592
2002 05 3 2002 07 62.2343
2003 05 3 2003 07 83.4494
2004 05 3 2004 07 190.268
2005 05 3 2005 07 199.415
2006 05 3 2006 07 93.7354
2007 05 3 2007 07 302.139
2008 05 3 2008 07 113.079
2009 05 3 2009 07 120.884
2010 05 3 2010 07 108.732
1984 05 4 1984 08 137.318
1985 05 4 1985 08 111.174
1986 05 4 1986 08 93.8496
1987 05 4 1987 08 148.601
1988 05 4 1988 08 376.449
1989 05 4 1989 08 89.9654
1990 05 4 1990 08 246.366
1991 05 4 1991 08 150.89
1992 05 4 1992 08 225.032
1993 05 4 1993 08 83.3072
1994 05 4 1994 08 73.7568
1995 05 4 1995 08 117.939
1996 05 4 1996 08 111.01
1997 05 4 1997 08 278.218
1998 05 4 1998 08 55.1125
1999 05 4 1999 08 112.503
2000 05 4 2000 08 69.7151
2001 05 4 2001 08 140.864
2002 05 4 2002 08 379.489
2003 05 4 2003 08 121.345
2004 05 4 2004 08 94.8741
2005 05 4 2005 08 83.1736
2006 05 4 2006 08 70.1862
2007 05 4 2007 08 192.338
2008 05 4 2008 08 46.8942
2009 05 4 2009 08 60.6483
2010 05 4 2010 08 224.705
1983 06 0 1983 06 381.301
1984 06 0 1984 06 35
1985 06 0 1985 06 116
1986 06 0 1986 06 699.902
1987 06 0 1987 06 2891.99
1988 06 0 1988 06 246.199
1989 06 0 1989 06 222.2
1990 06 0 1990 06 158.501
1991 06 0 1991 06 225.101
1992 06 0 1992 06 1363
1993 06 0 1993 06 203.8
1994 06 0 1994 06 191.299
1995 06 0 1995 06 329.999
1996 06 0 1996 06 193.5
1997 06 0 1997 06 4620
1998 06 0 1998 06 105.6
1999 06 0 1999 06 194.4
2000 06 0 2000 06 154.799
2001 06 0 2001 06 181.601
2002 06 0 2002 06 85.6003
2003 06 0 2003 06 336.999
2004 06 0 2004 06 1296
2005 06 0 2005 06 393.201
2006 06 0 2006 06 80.1002
2007 06 0 2007 06 2610.01
2008 06 0 2008 06 78.0999
2009 06 0 2009 06 90.8999
2010 06 0 2010 06 188.9
1984 06 1 1984 06 130.224
1985 06 1 1985 06 440.979
1986 06 1 1986 06 306.164
1987 06 1 1987 06 381.971
1988 06 1 1988 06 502.676
1989 06 1 1989 06 337.979
1990 06 1 1990 06 364.555
1991 06 1 1991 06 193.902
1992 06 1 1992 06 202.241
1993 06 1 1993 06 487.892
1994 06 1 1994 06 285.71
1995 06 1 1995 06 347.549
1996 06 1 1996 06 58.24
1997 06 1 1997 06 292.199
1998 06 1 1998 06 108.262
1999 06 1 1999 06 279.832
2000 06 1 2000 06 120.209
2001 06 1 2001 06 361.733
2002 06 1 2002 06 272.863
2003 06 1 2003 06 218.964
2004 06 1 2004 06 295.568
2005 06 1 2005 06 141.017
2006 06 1 2006 06 170.206
2007 06 1 2007 06 6318.83
2008 06 1 2008 06 176.368
2009 06 1 2009 06 220.138
2010 06 1 2010 06 327.038
1984 06 2 1984 07 38.018
1985 06 2 1985 07 88.5751
1986 06 2 1986 07 207.397
1987 06 2 1987 07 523.959
1988 06 2 1988 07 205.458
1989 06 2 1989 07 122.384
1990 06 2 1990 07 51.3188
1991 06 2 1991 07 111.463
1992 06 2 1992 07 276.624
1993 06 2 1993 07 130.842
1994 06 2 1994 07 122.099
1995 06 2 1995 07 219.176
1996 06 2 1996 07 132.184
1997 06 2 1997 07 588.511
1998 06 2 1998 07 124.555
1999 06 2 1999 07 256.138
2000 06 2 2000 07 90.1696
2001 06 2 2001 07 123.334
2002 06 2 2002 07 80.8533
2003 06 2 2003 07 180.61
2004 06 2 2004 07 261.339
2005 06 2 2005 07 269.352
2006 06 2 2006 07 197.787
2007 06 2 2007 07 398.198
2008 06 2 2008 07 158.793
2009 06 2 2009 07 108.167
2010 06 2 2010 07 467.62
1984 06 3 1984 08 90.6695
1985 06 3 1985 08 88.8753
1986 06 3 1986 08 62.6478
1987 06 3 1987 08 150.634
1988 06 3 1988 08 553.154
1989 06 3 1989 08 89.4458
1990 06 3 1990 08 411.699
1991 06 3 1991 08 141.285
1992 06 3 1992 08 184.688
1993 06 3 1993 08 67.999
1994 06 3 1994 08 82.925
1995 06 3 1995 08 127.59
1996 06 3 1996 08 123.308
1997 06 3 1997 08 167.676
1998 06 3 1998 08 57.921
1999 06 3 1999 08 135.327
2000 06 3 2000 08 55.0844
2001 06 3 2001 08 99.0641
2002 06 3 2002 08 363.375
2003 06 3 2003 08 78.4827
2004 06 3 2004 08 53.6363
2005 06 3 2005 08 107.482
2006 06 3 2006 08 107.5
2007 06 3 2007 08 264.81
2008 06 3 2008 08 78.4064
2009 06 3 2009 08 56.8922
2010 06 3 2010 08 116.839
1984 06 4 1984 09 110.267
1985 06 4 1985 09 112.117
1986 06 4 1986 09 131.779
1987 06 4 1987 09 249.569
1988 06 4 1988 09 198.904
1989 06 4 1989 09 146.823
1990 06 4 1990 09 277.94
1991 06 4 1991 09 192.395
1992 06 4 1992 09 268.766
1993 06 4 1993 09 119.286
1994 06 4 1994 09 192.897
1995 06 4 1995 09 85.0354
1996 06 4 1996 09 283.504
1997 06 4 1997 09 383.411
1998 06 4 1998 09 523.05
1999 06 4 1999 09 148.267
2000 06 4 2000 09 96.983
2001 06 4 2001 09 178.881
2002 06 4 2002 09 160.084
2003 06 4 2003 09 144.062
2004 06 4 2004 09 292.441
2005 06 4 2005 09 212.737
2006 06 4 2006 09 91.562
2007 06 4 2007 09 692.999
2008 06 4 2008 09 139.137
2009 06 4 2009 09 154.374
2010 06 4 2010 09 102.28
1983 07 0 1983 07 68.1001
1984 07 0 1984 07 58.8998
1985 07 0 1985 07 132.1
1986 07 0 1986 07 70.0997
1987 07 0 1987 07 560.299
1988 07 0 1988 07 1796
1989 07 0 1989 07 101.8
1990 07 0 1990 07 629.301
1991 07 0 1991 07 166.501
1992 07 0 1992 07 407.601
1993 07 0 1993 07 82.5999
1994 07 0 1994 07 75
1995 07 0 1995 07 132.2
1996 07 0 1996 07 151
1997 07 0 1997 07 551.3
1998 07 0 1998 07 78.7997
1999 07 0 1999 07 151.601
2000 07 0 2000 07 43.1999
2001 07 0 2001 07 118.5
2002 07 0 2002 07 1069
2003 07 0 2003 07 87.2004
2004 07 0 2004 07 194
2005 07 0 2005 07 138.999
2006 07 0 2006 07 53.6997
2007 07 0 2007 07 1748
2008 07 0 2008 07 76.6001
2009 07 0 2009 07 61.5001
2010 07 0 2010 07 363.998
1984 07 1 1984 07 105.438
1985 07 1 1985 07 152.579
1986 07 1 1986 07 148.518
1987 07 1 1987 07 506.481
1988 07 1 1988 07 387.746
1989 07 1 1989 07 214.134
1990 07 1 1990 07 531.184
1991 07 1 1991 07 69.9854
1992 07 1 1992 07 1179.34
1993 07 1 1993 07 76.4444
1994 07 1 1994 07 65.3745
1995 07 1 1995 07 64.0036
1996 07 1 1996 07 80.3351
1997 07 1 1997 07 214.011
1998 07 1 1998 07 46.9666
1999 07 1 1999 07 498.417
2000 07 1 2000 07 61.0643
2001 07 1 2001 07 77.8867
2002 07 1 2002 07 168.789
2003 07 1 2003 07 130.539
2004 07 1 2004 07 275.482
2005 07 1 2005 07 305.348
2006 07 1 2006 07 145.254
2007 07 1 2007 07 774.165
2008 07 1 2008 07 105.314
2009 07 1 2009 07 84.7374
2010 07 1 2010 07 131.769
1984 07 2 1984 08 53.5302
1985 07 2 1985 08 61.3645
1986 07 2 1986 08 47.609
1987 07 2 1987 08 148.74
1988 07 2 1988 08 242.455
1989 07 2 1989 08 158.666
1990 07 2 1990 08 249.625
1991 07 2 1991 08 99.5289
1992 07 2 1992 08 50.648
1993 07 2 1993 08 50.4482
1994 07 2 1994 08 74.975
1995 07 2 1995 08 119.69
1996 07 2 1996 08 162.825
1997 07 2 1997 08 108.248
1998 07 2 1998 08 86.8745
1999 07 2 1999 08 128.516
2000 07 2 2000 08 65.0556
2001 07 2 2001 08 155.414
2002 07 2 2002 08 662.018
2003 07 2 2003 08 115.029
2004 07 2 2004 08 193.663
2005 07 2 2005 08 146.714
2006 07 2 2006 08 76.3069
2007 07 2 2007 08 60.9333
2008 07 2 2008 08 98.0954
2009 07 2 2009 08 93.9838
2010 07 2 2010 08 241.016
1984 07 3 1984 09 106.639
1985 07 3 1985 09 109.239
1986 07 3 1986 09 190.577
1987 07 3 1987 09 378.676
1988 07 3 1988 09 298.227
1989 07 3 1989 09 239.357
1990 07 3 1990 09 328.997
1991 07 3 1991 09 284.242
1992 07 3 1992 09 437.509
1993 07 3 1993 09 157.113
1994 07 3 1994 09 231.619
1995 07 3 1995 09 124.337
1996 07 3 1996 09 365.438
1997 07 3 1997 09 331.331
1998 07 3 1998 09 2534.75
1999 07 3 1999 09 130.522
2000 07 3 2000 09 82.8501
2001 07 3 2001 09 155.682
2002 07 3 2002 09 129.944
2003 07 3 2003 09 77.8493
2004 07 3 2004 09 170.594
2005 07 3 2005 09 169.679
2006 07 3 2006 09 71.3932
2007 07 3 2007 09 218.473
2008 07 3 2008 09 112.626
2009 07 3 2009 09 119.186
2010 07 3 2010 09 74.8624
1984 07 4 1984 10 103.206
1985 07 4 1985 10 160.988
1986 07 4 1986 10 371.918
1987 07 4 1987 10 311.472
1988 07 4 1988 10 169.3
1989 07 4 1989 10 448.824
1990 07 4 1990 10 622.989
1991 07 4 1991 10 415.619
1992 07 4 1992 10 428.731
1993 07 4 1993 10 205.073
1994 07 4 1994 10 350.154
1995 07 4 1995 10 244.815
1996 07 4 1996 10 338.65
1997 07 4 1997 10 336.393
1998 07 4 1998 10 326.452
1999 07 4 1999 10 114.24
2000 07 4 2000 10 150.354
2001 07 4 2001 10 169.977
2002 07 4 2002 10 131.276
2003 07 4 2003 10 212.764
2004 07 4 2004 10 180.825
2005 07 4 2005 10 150.492
2006 07 4 2006 10 212.779
2007 07 4 2007 10 183.838
2008 07 4 2008 10 167.072
2009 07 4 2009 10 292.733
2010 07 4 2010 10 202.63
1983 08 0 1983 08 56.2001
1984 08 0 1984 08 23.8
1985 08 0 1985 08 55.9998
1986 08 0 1986 08 78.1999
1987 08 0 1987 08 361.102
1988 08 0 1988 08 214.5
1989 08 0 1989 08 111.7
1990 08 0 1990 08 294.3
1991 08 0 1991 08 110.6
1992 08 0 1992 08 233.499
1993 08 0 1993 08 59.0001
1994 08 0 1994 08 119.799
1995 08 0 1995 08 55.8002
1996 08 0 1996 08 336.501
1997 08 0 1997 08 238.5
1998 08 0 1998 08 1100
1999 08 0 1999 08 81.7004
2000 08 0 2000 08 34.8
2001 08 0 2001 08 101.3
2002 08 0 2002 08 98.9
2003 08 0 2003 08 66.0002
2004 08 0 2004 08 183.9
2005 08 0 2005 08 157.9
2006 08 0 2006 08 28.3999
2007 08 0 2007 08 1259
2008 08 0 2008 08 97.6001
2009 08 0 2009 08 53.5999
2010 08 0 2010 08 72.1999
1984 08 1 1984 08 55.5727
1985 08 1 1985 08 52.7446
1986 08 1 1986 08 63.88
1987 08 1 1987 08 173.209
1988 08 1 1988 08 337.372
1989 08 1 1989 08 71.794
1990 08 1 1990 08 187.994
1991 08 1 1991 08 79.9846
1992 08 1 1992 08 208.894
1993 08 1 1993 08 71.5737
1994 08 1 1994 08 52.8466
1995 08 1 1995 08 161.47
1996 08 1 1996 08 724.353
1997 08 1 1997 08 242.66
1998 08 1 1998 08 112.485
1999 08 1 1999 08 62.3771
2000 08 1 2000 08 42.7262
2001 08 1 2001 08 101.937
2002 08 1 2002 08 171.39
2003 08 1 2003 08 109.701
2004 08 1 2004 08 223.454
2005 08 1 2005 08 107.826
2006 08 1 2006 08 104.835
2007 08 1 2007 08 550.682
2008 08 1 2008 08 195.122
2009 08 1 2009 08 82.4389
2010 08 1 2010 08 156.933
1984 08 2 1984 09 115.716
1985 08 2 1985 09 143.369
1986 08 2 1986 09 173.75
1987 08 2 1987 09 537.887
1988 08 2 1988 09 284.435
1989 08 2 1989 09 197.969
1990 08 2 1990 09 424.46
1991 08 2 1991 09 275.943
1992 08 2 1992 09 318.504
1993 08 2 1993 09 119.137
1994 08 2 1994 09 210.905
1995 08 2 1995 09 124.851
1996 08 2 1996 09 314.454
1997 08 2 1997 09 524.187
1998 08 2 1998 09 896.939
1999 08 2 1999 09 134.689
2000 08 2 2000 09 69.7151
2001 08 2 2001 09 148.825
2002 08 2 2002 09 146.676
2003 08 2 2003 09 85.4607
2004 08 2 2004 09 150.839
2005 08 2 2005 09 270.959
2006 08 2 2006 09 84.2157
2007 08 2 2007 09 630.358
2008 08 2 2008 09 93.1089
2009 08 2 2009 09 87.4683
2010 08 2 2010 09 93.6044
1984 08 3 1984 10 75.8309
1985 08 3 1985 10 138.242
1986 08 3 1986 10 325.78
1987 08 3 1987 10 347.525
1988 08 3 1988 10 237.867
1989 08 3 1989 10 202.45
1990 08 3 1990 10 477.624
1991 08 3 1991 10 652.733
1992 08 3 1992 10 472.545
1993 08 3 1993 10 391.568
1994 08 3 1994 10 583.165
1995 08 3 1995 10 264.103
1996 08 3 1996 10 292.373
1997 08 3 1997 10 306.671
1998 08 3 1998 10 222.656
1999 08 3 1999 10 125.322
2000 08 3 2000 10 176.043
2001 08 3 2001 10 221.818
2002 08 3 2002 10 214.897
2003 08 3 2003 10 265.3
2004 08 3 2004 10 223.908
2005 08 3 2005 10 168.463
2006 08 3 2006 10 196.669
2007 08 3 2007 10 362.841
2008 08 3 2008 10 172.32
2009 08 3 2009 10 271.267
2010 08 3 2010 10 193.559
1984 08 4 1984 11 255.981
1985 08 4 1985 11 1039.86
1986 08 4 1986 11 1126.67
1987 08 4 1987 11 344.099
1988 08 4 1988 11 221.284
1989 08 4 1989 11 175.034
1990 08 4 1990 11 352.794
1991 08 4 1991 11 330.996
1992 08 4 1992 11 235.356
1993 08 4 1993 11 231.194
1994 08 4 1994 11 335.841
1995 08 4 1995 11 237.294
1996 08 4 1996 11 1385.8
1997 08 4 1997 11 295.604
1998 08 4 1998 11 299.084
1999 08 4 1999 11 137.17
2000 08 4 2000 11 379.051
2001 08 4 2001 11 145.56
2002 08 4 2002 11 254.953
2003 08 4 2003 11 375.858
2004 08 4 2004 11 149.861
2005 08 4 2005 11 169.252
2006 08 4 2006 11 218.513
2007 08 4 2007 11 329.936
2008 08 4 2008 11 162.995
2009 08 4 2009 11 261.785
2010 08 4 2010 11 154.78
1983 09 0 1983 09 43.6
1984 09 0 1984 09 16.6999
1985 09 0 1985 09 87.2999
1986 09 0 1986 09 671
1987 09 0 1987 09 725.797
1988 09 0 1988 09 168.7
1989 09 0 1989 09 128
1990 09 0 1990 09 1008
1991 09 0 1991 09 398.8
1992 09 0 1992 09 452.098
1993 09 0 1993 09 172.6
1994 09 0 1994 09 298.9
1995 09 0 1995 09 313.099
1996 09 0 1996 09 506.999
1997 09 0 1997 09 256.3
1998 09 0 1998 09 445.399
1999 09 0 1999 09 76.6998
2000 09 0 2000 09 110.5
2001 09 0 2001 09 179.3
2002 09 0 2002 09 105.1
2003 09 0 2003 09 244.301
2004 09 0 2004 09 143.999
2005 09 0 2005 09 91.2004
2006 09 0 2006 09 89.9999
2007 09 0 2007 09 665.601
2008 09 0 2008 09 100.5
2009 09 0 2009 09 170.501
2010 09 0 2010 09 109.8
1984 09 1 1984 09 56.5882
1985 09 1 1985 09 102.52
1986 09 1 1986 09 110.532
1987 09 1 1987 09 289.651
1988 09 1 1988 09 316.498
1989 09 1 1989 09 108.86
1990 09 1 1990 09 553.566
1991 09 1 1991 09 200.343
1992 09 1 1992 09 203.353
1993 09 1 1993 09 184.924
1994 09 1 1994 09 153.928
1995 09 1 1995 09 122.687
1996 09 1 1996 09 332.034
1997 09 1 1997 09 344.281
1998 09 1 1998 09 848.379
1999 09 1 1999 09 78.1684
2000 09 1 2000 09 76.2057
2001 09 1 2001 09 165.467
2002 09 1 2002 09 213.349
2003 09 1 2003 09 202.316
2004 09 1 2004 09 487.862
2005 09 1 2005 09 318.398
2006 09 1 2006 09 118.658
2007 09 1 2007 09 633.155
2008 09 1 2008 09 126.006
2009 09 1 2009 09 108.733
2010 09 1 2010 09 116.172
1984 09 2 1984 10 59.2216
1985 09 2 1985 10 139.718
1986 09 2 1986 10 285.767
1987 09 2 1987 10 322.612
1988 09 2 1988 10 232.985
1989 09 2 1989 10 213.861
1990 09 2 1990 10 521.484
1991 09 2 1991 10 364.481
1992 09 2 1992 10 359.062
1993 09 2 1993 10 268.275
1994 09 2 1994 10 315.034
1995 09 2 1995 10 243.999
1996 09 2 1996 10 251.867
1997 09 2 1997 10 245.499
1998 09 2 1998 10 326.254
1999 09 2 1999 10 146.561
2000 09 2 2000 10 162.336
2001 09 2 2001 10 239.132
2002 09 2 2002 10 191.74
2003 09 2 2003 10 258.163
2004 09 2 2004 10 243.435
2005 09 2 2005 10 186.734
2006 09 2 2006 10 197.982
2007 09 2 2007 10 431.627
2008 09 2 2008 10 218.729
2009 09 2 2009 10 300.301
2010 09 2 2010 10 222.054
1984 09 3 1984 11 325.326
1985 09 3 1985 11 749.931
1986 09 3 1986 11 912.068
1987 09 3 1987 11 231.386
1988 09 3 1988 11 116.459
1989 09 3 1989 11 173.301
1990 09 3 1990 11 192.656
1991 09 3 1991 11 205.094
1992 09 3 1992 11 165.284
1993 09 3 1993 11 165.448
1994 09 3 1994 11 271.765
1995 09 3 1995 11 131.94
1996 09 3 1996 11 1954.97
1997 09 3 1997 11 897.627
1998 09 3 1998 11 366.282
1999 09 3 1999 11 101.989
2000 09 3 2000 11 387.79
2001 09 3 2001 11 247.347
2002 09 3 2002 11 316.019
2003 09 3 2003 11 474.359
2004 09 3 2004 11 195.782
2005 09 3 2005 11 141.909
2006 09 3 2006 11 179.806
2007 09 3 2007 11 337.824
2008 09 3 2008 11 181.669
2009 09 3 2009 11 519.908
2010 09 3 2010 11 120.964
1984 09 4 1984 12 228.504
1985 09 4 1985 12 270.008
1986 09 4 1986 12 378.357
1987 09 4 1987 12 226.066
1988 09 4 1988 12 167.595
1989 09 4 1989 12 173.951
1990 09 4 1990 12 222.018
1991 09 4 1991 12 158.619
1992 09 4 1992 12 238.716
1993 09 4 1993 12 270.412
1994 09 4 1994 12 313.808
1995 09 4 1995 12 190.928
1996 09 4 1996 12 292.88
1997 09 4 1997 12 331.069
1998 09 4 1998 12 158.461
1999 09 4 1999 12 71.8222
2000 09 4 2000 12 1052.49
2001 09 4 2001 12 759.125
2002 09 4 2002 12 305.22
2003 09 4 2003 12 245.458
2004 09 4 2004 12 493.119
2005 09 4 2005 12 202.841
2006 09 4 2006 12 262.484
2007 09 4 2007 12 304.488
2008 09 4 2008 12 240.497
2009 09 4 2009 12 332.997
2010 09 4 2010 12 117.905
1983 10 0 1983 10 59.8002
1984 10 0 1984 10 205.299
1985 10 0 1985 10 1219
1986 10 0 1986 10 1324
1987 10 0 1987 10 329.699
1988 10 0 1988 10 157.2
1989 10 0 1989 10 108.1
1990 10 0 1990 10 255.901
1991 10 0 1991 10 223.5
1992 10 0 1992 10 189.601
1993 10 0 1993 10 137
1994 10 0 1994 10 205.501
1995 10 0 1995 10 165.2
1996 10 0 1996 10 2796.01
1997 10 0 1997 10 249.201
1998 10 0 1998 10 263.699
1999 10 0 1999 10 93.8004
2000 10 0 2000 10 1712
2001 10 0 2001 10 154.6
2002 10 0 2002 10 232.2
2003 10 0 2003 10 456.099
2004 10 0 2004 10 173.299
2005 10 0 2005 10 107.2
2006 10 0 2006 10 95.1999
2007 10 0 2007 10 286.801
2008 10 0 2008 10 98.9999
2009 10 0 2009 10 269.199
2010 10 0 2010 10 75.4001
1984 10 1 1984 10 101.349
1985 10 1 1985 10 184.25
1986 10 1 1986 10 418.992
1987 10 1 1987 10 1006.46
1988 10 1 1988 10 181.135
1989 10 1 1989 10 216.4
1990 10 1 1990 10 432.745
1991 10 1 1991 10 267.255
1992 10 1 1992 10 262.036
1993 10 1 1993 10 219.834
1994 10 1 1994 10 765.446
1995 10 1 1995 10 167.113
1996 10 1 1996 10 243.944
1997 10 1 1997 10 195.111
1998 10 1 1998 10 390.871
1999 10 1 1999 10 95.8182
2000 10 1 2000 10 251.433
2001 10 1 2001 10 187.72
2002 10 1 2002 10 449.754
2003 10 1 2003 10 152.925
2004 10 1 2004 10 253.164
2005 10 1 2005 10 129.548
2006 10 1 2006 10 165.402
2007 10 1 2007 10 276.571
2008 10 1 2008 10 140.198
2009 10 1 2009 10 282.759
2010 10 1 2010 10 206.128
1984 10 2 1984 11 255.41
1985 10 2 1985 11 942.616
1986 10 2 1986 11 1359.5
1987 10 2 1987 11 325.719
1988 10 2 1988 11 169.801
1989 10 2 1989 11 167.537
1990 10 2 1990 11 239.795
1991 10 2 1991 11 285.657
1992 10 2 1992 11 277.344
1993 10 2 1993 11 233.74
1994 10 2 1994 11 276.618
1995 10 2 1995 11 186.976
1996 10 2 1996 11 1268.4
1997 10 2 1997 11 665.444
1998 10 2 1998 11 259.614
1999 10 2 1999 11 126.388
2000 10 2 2000 11 356.384
2001 10 2 2001 11 192.388
2002 10 2 2002 11 333.316
2003 10 2 2003 11 445.596
2004 10 2 2004 11 199.282
2005 10 2 2005 11 145.737
2006 10 2 2006 11 194.027
2007 10 2 2007 11 263.856
2008 10 2 2008 11 176.998
2009 10 2 2009 11 302.042
2010 10 2 2010 11 129.298
1984 10 3 1984 12 134.318
1985 10 3 1985 12 108.391
1986 10 3 1986 12 324.729
1987 10 3 1987 12 273.145
1988 10 3 1988 12 131.521
1989 10 3 1989 12 202.84
1990 10 3 1990 12 190.303
1991 10 3 1991 12 156.52
1992 10 3 1992 12 262.077
1993 10 3 1993 12 177.351
1994 10 3 1994 12 364.13
1995 10 3 1995 12 238.188
1996 10 3 1996 12 544.17
1997 10 3 1997 12 228.489
1998 10 3 1998 12 235.516
1999 10 3 1999 12 186.545
2000 10 3 2000 12 967.042
2001 10 3 2001 12 504.553
2002 10 3 2002 12 284.644
2003 10 3 2003 12 256.804
2004 10 3 2004 12 827.616
2005 10 3 2005 12 185.216
2006 10 3 2006 12 289.318
2007 10 3 2007 12 132.155
2008 10 3 2008 12 163.311
2009 10 3 2009 12 308.767
2010 10 3 2010 12 161.712
1984 10 4 1985 01 595.08
1985 10 4 1986 01 158.84
1986 10 4 1987 01 522.843
1987 10 4 1988 01 259.54
1988 10 4 1989 01 162.702
1989 10 4 1990 01 203.066
1990 10 4 1991 01 183.954
1991 10 4 1992 01 1564.59
1992 10 4 1993 01 276.37
1993 10 4 1994 01 152.26
1994 10 4 1995 01 230.482
1995 10 4 1996 01 168.266
1996 10 4 1997 01 333.237
1997 10 4 1998 01 251.796
1998 10 4 1999 01 254.626
1999 10 4 2000 01 177.692
2000 10 4 2001 01 398.487
2001 10 4 2002 01 276.265
2002 10 4 2003 01 207.393
2003 10 4 2004 01 193.748
2004 10 4 2005 01 294.736
2005 10 4 2006 01 143.765
2006 10 4 2007 01 118.171
2007 10 4 2008 01 240.632
2008 10 4 2009 01 126.13
2009 10 4 2010 01 173.608
2010 10 4 2011 01 120.918
1983 11 0 1983 11 95.2999
1984 11 0 1984 11 134.2
1985 11 0 1985 11 183.699
1986 11 0 1986 11 494.002
1987 11 0 1987 11 343.501
1988 11 0 1988 11 173.1
1989 11 0 1989 11 176.399
1990 11 0 1990 11 242.199
1991 11 0 1991 11 228.199
1992 11 0 1992 11 385.399
1993 11 0 1993 11 142.5
1994 11 0 1994 11 255.801
1995 11 0 1995 11 145.099
1996 11 0 1996 11 551.201
1997 11 0 1997 11 260.499
1998 11 0 1998 11 324.901
1999 11 0 1999 11 111.4
2000 11 0 2000 11 7149.02
2001 11 0 2001 11 1946
2002 11 0 2002 11 231
2003 11 0 2003 11 191.299
2004 11 0 2004 11 2745.01
2005 11 0 2005 11 128.8
2006 11 0 2006 11 82.9003
2007 11 0 2007 11 240.899
2008 11 0 2008 11 96.2
2009 11 0 2009 11 268.701
2010 11 0 2010 11 88.2002
1984 11 1 1984 11 309.968
1985 11 1 1985 11 231.219
1986 11 1 1986 11 590.426
1987 11 1 1987 11 1152.06
1988 11 1 1988 11 56.6456
1989 11 1 1989 11 90.8405
1990 11 1 1990 11 250.666
1991 11 1 1991 11 282.262
1992 11 1 1992 11 449.193
1993 11 1 1993 11 300.403
1994 11 1 1994 11 189.71
1995 11 1 1995 11 297.408
1996 11 1 1996 11 1656.05
1997 11 1 1997 11 405.081
1998 11 1 1998 11 107.247
1999 11 1 1999 11 235.437
2000 11 1 2000 11 593.052
2001 11 1 2001 11 237.962
2002 11 1 2002 11 358.258
2003 11 1 2003 11 333.587
2004 11 1 2004 11 461.953
2005 11 1 2005 11 221.583
2006 11 1 2006 11 116.537
2007 11 1 2007 11 409.628
2008 11 1 2008 11 152.036
2009 11 1 2009 11 224.783
2010 11 1 2010 11 88.6118
1984 11 2 1984 12 217.476
1985 11 2 1985 12 215.807
1986 11 2 1986 12 213.001
1987 11 2 1987 12 241.11
1988 11 2 1988 12 165.183
1989 11 2 1989 12 219.187
1990 11 2 1990 12 257.494
1991 11 2 1991 12 294.091
1992 11 2 1992 12 273.499
1993 11 2 1993 12 236.469
1994 11 2 1994 12 337.027
1995 11 2 1995 12 113.628
1996 11 2 1996 12 512.63
1997 11 2 1997 12 271.322
1998 11 2 1998 12 203.712
1999 11 2 1999 12 69.3532
2000 11 2 2000 12 752.181
2001 11 2 2001 12 489.461
2002 11 2 2002 12 567.488
2003 11 2 2003 12 272.458
2004 11 2 2004 12 495.488
2005 11 2 2005 12 201.328
2006 11 2 2006 12 202.336
2007 11 2 2007 12 173.319
2008 11 2 2008 12 164.657
2009 11 2 2009 12 555.485
2010 11 2 2010 12 103.828
1984 11 3 1985 01 616.568
1985 11 3 1986 01 182.502
1986 11 3 1987 01 429.908
1987 11 3 1988 01 338.345
1988 11 3 1989 01 168.436
1989 11 3 1990 01 168.013
1990 11 3 1991 01 195.717
1991 11 3 1992 01 1674.64
1992 11 3 1993 01 319.305
1993 11 3 1994 01 192.944
1994 11 3 1995 01 230.785
1995 11 3 1996 01 154.135
1996 11 3 1997 01 317.288
1997 11 3 1998 01 315.045
1998 11 3 1999 01 243.41
1999 11 3 2000 01 147.749
2000 11 3 2001 01 364.189
2001 11 3 2002 01 296.322
2002 11 3 2003 01 218.137
2003 11 3 2004 01 169.531
2004 11 3 2005 01 311.277
2005 11 3 2006 01 149.864
2006 11 3 2007 01 152.888
2007 11 3 2008 01 197.363
2008 11 3 2009 01 139.696
2009 11 3 2010 01 164.53
2010 11 3 2011 01 120.145
1984 11 4 1985 02 2282.12
1985 11 4 1986 02 163.314
1986 11 4 1987 02 710.64
1987 11 4 1988 02 326.392
1988 11 4 1989 02 205.233
1989 11 4 1990 02 225.233
1990 11 4 1991 02 313.509
1991 11 4 1992 02 754.466
1992 11 4 1993 02 327.585
1993 11 4 1994 02 233.288
1994 11 4 1995 02 504.839
1995 11 4 1996 02 142.2
1996 11 4 1997 02 180.179
1997 11 4 1998 02 366.403
1998 11 4 1999 02 172.152
1999 11 4 2000 02 122.011
2000 11 4 2001 02 496.945
2001 11 4 2002 02 315.092
2002 11 4 2003 02 296.12
2003 11 4 2004 02 270.154
2004 11 4 2005 02 365.183
2005 11 4 2006 02 159.082
2006 11 4 2007 02 229.952
2007 11 4 2008 02 203.172
2008 11 4 2009 02 127.625
2009 11 4 2010 02 517.809
2010 11 4 2011 02 172.65
1983 12 0 1983 12 77.7998
1984 12 0 1984 12 1634.01
1985 12 0 1985 12 138.899
1986 12 0 1986 12 830.502
1987 12 0 1987 12 306.099
1988 12 0 1988 12 188.301
1989 12 0 1989 12 191.401
1990 12 0 1990 12 197.2
1991 12 0 1991 12 3178.99
1992 12 0 1992 12 370.699
1993 12 0 1993 12 158.2
1994 12 0 1994 12 303.499
1995 12 0 1995 12 136.201
1996 12 0 1996 12 359.7
1997 12 0 1997 12 280.101
1998 12 0 1998 12 270.499
1999 12 0 1999 12 141.9
2000 12 0 2000 12 549.198
2001 12 0 2001 12 313.6
2002 12 0 2002 12 230.099
2003 12 0 2003 12 157.8
2004 12 0 2004 12 429.701
2005 12 0 2005 12 132.4
2006 12 0 2006 12 99.5001
2007 12 0 2007 12 227.3
2008 12 0 2008 12 103.5
2009 12 0 2009 12 184.5
2010 12 0 2010 12 107.6
1984 12 1 1984 12 167.706
1985 12 1 1985 12 160.513
1986 12 1 1986 12 551.321
1987 12 1 1987 12 486.61
1988 12 1 1988 12 180.66
1989 12 1 1989 12 113.566
1990 12 1 1990 12 215.513
1991 12 1 1991 12 346.753
1992 12 1 1992 12 532.085
1993 12 1 1993 12 326.84
1994 12 1 1994 12 734.148
1995 12 1 1995 12 222.491
1996 12 1 1996 12 329.486
1997 12 1 1997 12 329.644
1998 12 1 1998 12 185.982
1999 12 1 1999 12 112.792
2000 12 1 2000 12 1052.8
2001 12 1 2001 12 297.888
2002 12 1 2002 12 190.919
2003 12 1 2003 12 203.414
2004 12 1 2004 12 384.619
2005 12 1 2005 12 157.148
2006 12 1 2006 12 209.467
2007 12 1 2007 12 268.103
2008 12 1 2008 12 160.439
2009 12 1 2009 12 212.2
2010 12 1 2010 12 221.743
1984 12 2 1985 01 612.142
1985 12 2 1986 01 167.937
1986 12 2 1987 01 549.47
1987 12 2 1988 01 319.943
1988 12 2 1989 01 193.893
1989 12 2 1990 01 182.875
1990 12 2 1991 01 199.868
1991 12 2 1992 01 1558.72
1992 12 2 1993 01 340.627
1993 12 2 1994 01 176.601
1994 12 2 1995 01 267.112
1995 12 2 1996 01 174.925
1996 12 2 1997 01 305.63
1997 12 2 1998 01 286.969
1998 12 2 1999 01 256.149
1999 12 2 2000 01 154.558
2000 12 2 2001 01 400.279
2001 12 2 2002 01 294.544
2002 12 2 2003 01 227.467
2003 12 2 2004 01 195.445
2004 12 2 2005 01 290.42
2005 12 2 2006 01 140.577
2006 12 2 2007 01 116.34
2007 12 2 2008 01 190.324
2008 12 2 2009 01 112.78
2009 12 2 2010 01 179.044
2010 12 2 2011 01 114.69
1984 12 3 1985 02 1061.32
1985 12 3 1986 02 129.758
1986 12 3 1987 02 933.769
1987 12 3 1988 02 309.91
1988 12 3 1989 02 178.054
1989 12 3 1990 02 241.998
1990 12 3 1991 02 273.66
1991 12 3 1992 02 1065.89
1992 12 3 1993 02 332.142
1993 12 3 1994 02 217.635
1994 12 3 1995 02 536.085
1995 12 3 1996 02 170.023
1996 12 3 1997 02 225.804
1997 12 3 1998 02 491.31
1998 12 3 1999 02 210.162
1999 12 3 2000 02 193.871
2000 12 3 2001 02 576.038
2001 12 3 2002 02 255.222
2002 12 3 2003 02 235.092
2003 12 3 2004 02 201.457
2004 12 3 2005 02 426.069
2005 12 3 2006 02 136.489
2006 12 3 2007 02 186.582
2007 12 3 2008 02 239.503
2008 12 3 2009 02 154.341
2009 12 3 2010 02 890.986
2010 12 3 2011 02 109.837
1984 12 4 1985 03 348.03
1985 12 4 1986 03 420.781
1986 12 4 1987 03 713.877
1987 12 4 1988 03 326.216
1988 12 4 1989 03 268.173
1989 12 4 1990 03 233.667
1990 12 4 1991 03 203.658
1991 12 4 1992 03 2377.51
1992 12 4 1993 03 380.056
1993 12 4 1994 03 214.419
1994 12 4 1995 03 236.738
1995 12 4 1996 03 182.923
1996 12 4 1997 03 748.068
1997 12 4 1998 03 362.913
1998 12 4 1999 03 231.106
1999 12 4 2000 03 157.532
2000 12 4 2001 03 582.93
2001 12 4 2002 03 342.437
2002 12 4 2003 03 377.837
2003 12 4 2004 03 301.22
2004 12 4 2005 03 479.963
2005 12 4 2006 03 151.534
2006 12 4 2007 03 135.175
2007 12 4 2008 03 213.062
2008 12 4 2009 03 164.758
2009 12 4 2010 03 805.942
2010 12 4 2011 03 189.8
