Y	M	L	ENSO	(m,m0)_(CV)
1982 01 0 0 81.2 129.2
1983 01 0 1 0.574 0.897
1984 01 0 1 24.1 0.492
1985 01 0 1 617.5 1.48
1986 01 0 1 5.92 114.8
1987 01 0 1 241.3 336.1
1988 01 0 1 106.5 122.5
1989 01 0 1 0.080 0.041
1990 01 0 0 0.0 0.002
1991 01 0 1 5.72 9.21
1992 01 0 1 917.9 382.8
1993 01 0 0 74.3 48.9
1994 01 0 0 0.0 0.0
1995 01 0 1 23.6 26.8
1996 01 0 1 0.0 2.07
1997 01 0 0 68.9 99.2
1998 01 0 1 19.4 9.38
1999 01 0 1 204.0 304.8
2000 01 0 1 0.772 1.92
2001 01 0 1 135.8 234.6
2002 01 0 0 111.8 536.6
2003 01 0 1 89.7 142.6
2004 01 0 0 37.9 63.4
2005 01 0 1 259.5 950.4
2006 01 0 1 0.157 0.127
2007 01 0 1 84.0 3.53
2008 01 0 1 80.1 111.5
2009 01 0 1 0.121 0.142
2010 01 0 1 194.1 0.610
2011 01 0 1 0.283 0.0
2012 01 0 1 0.0 0.0
2013 01 0 0 0.0 0.022
2014 01 0 0 0.155 0.412
2015 01 0 1 0.0 0.0
2016 01 0 1 35.8 18.3
1982 01 1 0 47.4336
1983 01 1 1 11.6758
1984 01 1 1 0.859093
1985 01 1 1 1.16953
1986 01 1 1 91.9959
1987 01 1 1 197.047
1988 01 1 1 74.3573
1989 01 1 1 0.118233
1990 01 1 0 0.0470289
1991 01 1 1 19.8581
1992 01 1 1 247.569
1993 01 1 0 25.993
1994 01 1 0 0.0126208
1995 01 1 1 24.7315
1996 01 1 1 6.45197
1997 01 1 0 97.8415
1998 01 1 1 87.4005
1999 01 1 1 47.1177
2000 01 1 1 0.675466
2001 01 1 1 114.479
2002 01 1 0 117.107
2003 01 1 1 125.455
2004 01 1 0 33.9614
2005 01 1 1 361.433
2006 01 1 1 0.383673
2007 01 1 1 12.7701
2008 01 1 1 42.5239
2009 01 1 1 0.534031
2010 01 1 1 2.21575
2011 01 1 1 0.000330147
2012 01 1 1 9.50825e-06
2013 01 1 0 0.0106668
2014 01 1 0 0.253934
2015 01 1 1 0.000217218
2016 01 1 1 0.4935
1982 02 2 0 34.4107
1983 02 2 1 0.752196
1984 02 2 0 20.1001
1985 02 2 1 599.474
1986 02 2 1 4.90087
1987 02 2 1 74.1747
1988 02 2 0 63.2441
1989 02 2 1 0.0590847
1990 02 2 0 0.000310044
1991 02 2 0 3.89605
1992 02 2 1 197.106
1993 02 2 1 30.7009
1994 02 2 0 0.000732064
1995 02 2 1 17.0358
1996 02 2 1 0.000493963
1997 02 2 0 42.7278
1998 02 2 1 20.4933
1999 02 2 1 48.366
2000 02 2 1 0.360514
2001 02 2 1 40.0813
2002 02 2 0 49.9181
2003 02 2 1 35.17
2004 02 2 0 23.7352
2005 02 2 0 87.8379
2006 02 2 1 0.161667
2007 02 2 0 40.3043
2008 02 2 1 29.5123
2009 02 2 1 0.2148
2010 02 2 1 62.38
2011 02 2 1 0.375096
2012 02 2 1 0.000103658
2013 02 2 0 5.08893e-05
2014 02 2 0 0.0456811
2015 02 2 1 0.0525787
2016 02 2 1 1230.74
1982 03 3 0 22.7848
1983 03 3 1 85.4632
1984 03 3 0 6.37751
1985 03 3 1 3.33333
1986 03 3 0 12.1237
1987 03 3 1 90.1169
1988 03 3 0 9.39159
1989 03 3 1 2.1379
1990 03 3 0 1.81078
1991 03 3 0 17.9019
1992 03 3 1 35.0592
1993 03 3 1 3.41385
1994 03 3 0 0.481975
1995 03 3 0 5.48441
1996 03 3 0 3.42513
1997 03 3 0 14.7528
1998 03 3 1 14.7315
1999 03 3 1 6.28696
2000 03 3 1 2.14742
2001 03 3 0 25.3346
2002 03 3 0 55.6055
2003 03 3 1 20.6472
2004 03 3 0 9.43937
2005 03 3 0 14.4861
2006 03 3 1 1.31039
2007 03 3 0 17.6528
2008 03 3 1 4.96614
2009 03 3 1 21.3636
2010 03 3 1 39.1677
2011 03 3 1 2.24059
2012 03 3 0 0.227475
2013 03 3 0 0.600268
2014 03 3 0 0.747813
2015 03 3 1 0.0201228
2016 03 3 1 0.258017
1982 04 4 0 110.478
1983 04 4 1 1.17264
1984 04 4 0 0.371677
1985 04 4 1 212.325
1986 04 4 0 0.650498
1987 04 4 1 92.7276
1988 04 4 0 13.2851
1989 04 4 1 0.411721
1990 04 4 0 69.1842
1991 04 4 0 1.30415
1992 04 4 1 338.181
1993 04 4 1 122.759
1994 04 4 0 12.2497
1995 04 4 0 4.70289
1996 04 4 0 1.14916e-05
1997 04 4 1 36.7818
1998 04 4 1 36.5552
1999 04 4 1 114.514
2000 04 4 1 11.0591
2001 04 4 0 23.3269
2002 04 4 0 7.10759
2003 04 4 0 32.8499
2004 04 4 0 142.746
2005 04 4 1 185.735
2006 04 4 0 0.0280292
2007 04 4 0 1.57033
2008 04 4 1 6.46239
2009 04 4 0 6.25396e-06
2010 04 4 1 6.27184
2011 04 4 1 0.0651535
2012 04 4 0 38.4948
2013 04 4 0 7.12823e-05
2014 04 4 0 0.0448589
2015 04 4 1 14.6222
2016 04 4 1 2.35415
1982 02 0 0 46.4 81.2
1983 02 0 1 1.17 0.574
1984 02 0 0 0.191 24.1
1985 02 0 1 72.2 617.5
1986 02 0 1 4.85 5.92
1987 02 0 1 147.5 241.3
1988 02 0 0 66.0 106.5
1989 02 0 1 0.354 0.080
1990 02 0 0 0.0 0.0
1991 02 0 0 62.8 5.72
1992 02 0 1 912.8 917.9
1993 02 0 1 87.3 74.3
1994 02 0 0 0.0 0.0
1995 02 0 1 2.73 23.6
1996 02 0 1 0.0 0.0
1997 02 0 0 10.4 68.9
1998 02 0 1 3.04 19.4
1999 02 0 1 106.4 204.0
2000 02 0 1 2.77 0.772
2001 02 0 1 89.9 135.8
2002 02 0 0 56.5 111.8
2003 02 0 1 80.9 89.7
2004 02 0 0 88.6 37.9
2005 02 0 0 232.2 259.5
2006 02 0 1 0.171 0.157
2007 02 0 0 13.0 84.0
2008 02 0 1 56.0 80.1
2009 02 0 1 0.059 0.121
2010 02 0 1 257.3 194.1
2011 02 0 1 0.838 0.283
2012 02 0 1 0.0 0.0
2013 02 0 0 13.0 0.0
2014 02 0 0 0.195 0.155
2015 02 0 1 0.0 0.0
2016 02 0 1 6.30 35.8
1982 02 1 0 40.5769
1983 02 1 1 0.542915
1984 02 1 0 22.8947
1985 02 1 1 518.984
1986 02 1 1 4.00925
1987 02 1 1 64.572
1988 02 1 0 64.4704
1989 02 1 1 0.0770305
1990 02 1 0 0.000326209
1991 02 1 0 3.68804
1992 02 1 1 266.397
1993 02 1 1 43.2487
1994 02 1 0 0.000812893
1995 02 1 1 12.5018
1996 02 1 1 0.000565331
1997 02 1 0 31.0044
1998 02 1 1 7.62697
1999 02 1 1 53.3648
2000 02 1 1 0.280506
2001 02 1 1 40.3737
2002 02 1 0 57.6228
2003 02 1 1 40.5735
2004 02 1 0 20.5627
2005 02 1 0 91.4355
2006 02 1 1 0.165856
2007 02 1 0 46.9355
2008 02 1 1 26.4082
2009 02 1 1 0.127229
2010 02 1 1 106.454
2011 02 1 1 0.303434
2012 02 1 1 0.000141933
2013 02 1 0 7.11017e-05
2014 02 1 0 0.0657644
2015 02 1 1 0.0339754
2016 02 1 1 724.292
1982 03 2 0 27.0637
1983 03 2 1 76.308
1984 03 2 0 1.94584
1985 03 2 1 2.30411
1986 03 2 0 2.48955
1987 03 2 1 276.397
1988 03 2 0 4.07911
1989 03 2 1 1.35552
1990 03 2 0 1.3782
1991 03 2 0 14.2208
1992 03 2 1 96.2726
1993 03 2 1 8.22792
1994 03 2 0 1.66078
1995 03 2 0 34.0293
1996 03 2 0 1.57435
1997 03 2 0 33.0845
1998 03 2 1 20.416
1999 03 2 1 2.22719
2000 03 2 1 1.02182
2001 03 2 0 34.3575
2002 03 2 0 16.0003
2003 03 2 1 21.8773
2004 03 2 0 32.8597
2005 03 2 0 18.7522
2006 03 2 1 3.05119
2007 03 2 0 7.10461
2008 03 2 1 3.19789
2009 03 2 1 84.0608
2010 03 2 1 21.3862
2011 03 2 1 0.866398
2012 03 2 0 0.0196463
2013 03 2 0 2.78244
2014 03 2 0 2.94077
2015 03 2 1 0.0699232
2016 03 2 1 0.963742
1982 04 3 0 47.3665
1983 04 3 1 0.0385534
1984 04 3 0 0.335937
1985 04 3 1 102.409
1986 04 3 0 1.23044
1987 04 3 1 88.0714
1988 04 3 0 13.7977
1989 04 3 1 1.01204
1990 04 3 0 151.788
1991 04 3 0 1.14934
1992 04 3 1 818.214
1993 04 3 1 60.6585
1994 04 3 0 9.22011
1995 04 3 0 9.00632
1996 04 3 0 9.01504e-06
1997 04 3 1 52.2029
1998 04 3 1 4.8502
1999 04 3 1 97.3621
2000 04 3 1 84.7371
2001 04 3 0 106.827
2002 04 3 0 3.5631
2003 04 3 0 32.8321
2004 04 3 0 193.351
2005 04 3 1 439.971
2006 04 3 0 0.055113
2007 04 3 0 2.44259
2008 04 3 1 5.23394
2009 04 3 0 3.28757e-05
2010 04 3 1 4.10307
2011 04 3 1 0.042622
2012 04 3 0 80.5092
2013 04 3 0 6.57713e-05
2014 04 3 0 0.0154524
2015 04 3 1 10.0504
2016 04 3 1 4.54453
1982 05 4 1 36.4261
1983 05 4 1 0.702508
1984 05 4 0 0.219861
1985 05 4 0 259.758
1986 05 4 0 1.64356
1987 05 4 1 86.4316
1988 05 4 1 25.4146
1989 05 4 1 3.0665
1990 05 4 0 175.05
1991 05 4 1 52.4288
1992 05 4 1 320.651
1993 05 4 1 28.0241
1994 05 4 1 1.15446
1995 05 4 0 101.002
1996 05 4 0 0.0381941
1997 05 4 1 208.302
1998 05 4 1 11.1972
1999 05 4 1 329.003
2000 05 4 0 68.5438
2001 05 4 0 81.9133
2002 05 4 1 0.649968
2003 05 4 0 47.1547
2004 05 4 0 849.162
2005 05 4 1 233.868
2006 05 4 0 0.696695
2007 05 4 0 8.55049
2008 05 4 0 6.8689
2009 05 4 0 0.000219684
2010 05 4 0 396.256
2011 05 4 0 0.0654677
2012 05 4 0 181.764
2013 05 4 0 0.099592
2014 05 4 1 2.20879
2015 05 4 1 6248.39
2016 05 4 1 1265.44
1982 03 0 0 92.1 46.4
1983 03 0 1 0.416 1.17
1984 03 0 0 0.614 0.191
1985 03 0 1 316.1 72.2
1986 03 0 0 1.99 4.85
1987 03 0 1 139.6 147.5
1988 03 0 0 35.6 66.0
1989 03 0 1 2.71 0.354
1990 03 0 0 221.6 0.0
1991 03 0 0 3.54 62.8
1992 03 0 1 912.6 912.8
1993 03 0 1 111.6 87.3
1994 03 0 0 19.4 0.0
1995 03 0 0 10.1 2.73
1996 03 0 0 0.0 0.0
1997 03 0 0 80.9 10.4
1998 03 0 1 26.1 3.04
1999 03 0 1 263.6 106.4
2000 03 0 1 35.9 2.77
2001 03 0 0 93.3 89.9
2002 03 0 0 9.59 56.5
2003 03 0 1 63.5 80.9
2004 03 0 0 299.0 88.6
2005 03 0 0 469.1 232.2
2006 03 0 1 0.132 0.171
2007 03 0 0 5.35 13.0
2008 03 0 1 17.5 56.0
2009 03 0 1 0.000 0.059
2010 03 0 1 10.2 257.3
2011 03 0 1 0.163 0.838
2012 03 0 0 49.3 0.0
2013 03 0 0 0.0 13.0
2014 03 0 0 0.150 0.195
2015 03 0 1 42.4 0.0
2016 03 0 1 13.8 6.30
1982 03 1 0 2.74505
1983 03 1 1 38.8782
1984 03 1 0 9.37427
1985 03 1 1 3.57496
1986 03 1 0 2.4678
1987 03 1 1 35.5923
1988 03 1 0 4.45272
1989 03 1 1 3.94029
1990 03 1 0 10.6694
1991 03 1 0 4.84918
1992 03 1 1 45.5478
1993 03 1 1 24.9734
1994 03 1 0 7.9582
1995 03 1 0 44.472
1996 03 1 0 2.94227
1997 03 1 0 13.3689
1998 03 1 1 78.8116
1999 03 1 1 0.28363
2000 03 1 1 0.00447711
2001 03 1 0 137.197
2002 03 1 0 6.34377
2003 03 1 1 7.33769
2004 03 1 0 15.7652
2005 03 1 0 22.8004
2006 03 1 1 1.49823
2007 03 1 0 2.28426
2008 03 1 1 1.55174
2009 03 1 1 2.39562
2010 03 1 1 24.3921
2011 03 1 1 0.573637
2012 03 1 0 1.50321
2013 03 1 0 2.84136
2014 03 1 0 14.7455
2015 03 1 1 29.3696
2016 03 1 1 5.24155
1982 04 2 0 34.0435
1983 04 2 1 1.11006
1984 04 2 0 0.296828
1985 04 2 1 198.076
1986 04 2 0 0.593276
1987 04 2 1 216.946
1988 04 2 0 10.13
1989 04 2 1 1.02647
1990 04 2 0 179.27
1991 04 2 0 0.93164
1992 04 2 1 1481.95
1993 04 2 1 206.62
1994 04 2 0 6.52501
1995 04 2 0 8.24984
1996 04 2 0 3.58209e-06
1997 04 2 1 88.9347
1998 04 2 1 8.76914
1999 04 2 1 23.8488
2000 04 2 1 1.99916
2001 04 2 0 65.9705
2002 04 2 0 3.67374
2003 04 2 0 39.6369
2004 04 2 0 236.08
2005 04 2 1 164.412
2006 04 2 0 0.0291037
2007 04 2 0 2.30069
2008 04 2 1 4.20235
2009 04 2 0 2.89026e-05
2010 04 2 1 5.11129
2011 04 2 1 0.0467551
2012 04 2 0 13.9364
2013 04 2 0 6.07831e-05
2014 04 2 0 0.0765376
2015 04 2 1 103.835
2016 04 2 1 34.6047
1982 05 3 1 39.0036
1983 05 3 1 0.489631
1984 05 3 0 0.215613
1985 05 3 0 55.235
1986 05 3 0 1.20017
1987 05 3 1 143.702
1988 05 3 1 6.78916
1989 05 3 1 3.27516
1990 05 3 0 172.56
1991 05 3 1 92.6065
1992 05 3 1 352.432
1993 05 3 1 49.7137
1994 05 3 1 2.05151
1995 05 3 0 77.5997
1996 05 3 0 0.0640353
1997 05 3 1 579.267
1998 05 3 1 7.34702
1999 05 3 1 193.818
2000 05 3 0 53.6897
2001 05 3 0 53.3843
2002 05 3 1 3.75177
2003 05 3 0 24.1263
2004 05 3 0 3128.04
2005 05 3 1 44.522
2006 05 3 0 0.359316
2007 05 3 0 25.5177
2008 05 3 0 7.85551
2009 05 3 0 0.0135138
2010 05 3 0 108.253
2011 05 3 0 0.137417
2012 05 3 0 103.024
2013 05 3 0 0.0139938
2014 05 3 1 0.0977683
2015 05 3 1 18366.5
2016 05 3 1 24173
1982 06 4 1 414.355
1983 06 4 1 0.900086
1984 06 4 0 23.8166
1985 06 4 0 541.715
1986 06 4 0 3.69741
1987 06 4 1 82.9309
1988 06 4 1 36.0641
1989 06 4 0 18.5922
1990 06 4 0 94.9153
1991 06 4 1 154.359
1992 06 4 1 341.599
1993 06 4 1 100.579
1994 06 4 1 41.1793
1995 06 4 0 1.49671
1996 06 4 0 0.000807811
1997 06 4 1 95.0302
1998 06 4 0 0.0908837
1999 06 4 1 24.5313
2000 06 4 0 0.306993
2001 06 4 0 69.6208
2002 06 4 1 62.8967
2003 06 4 0 6.66605
2004 06 4 1 86.8219
2005 06 4 1 32.9947
2006 06 4 0 14.9869
2007 06 4 0 141.791
2008 06 4 0 18.2838
2009 06 4 1 6.08308
2010 06 4 0 109.446
2011 06 4 0 0.0653295
2012 06 4 0 104.212
2013 06 4 0 19.3592
2014 06 4 1 17.3061
2015 06 4 1 287.574
2016 06 4 0 8.98865
1982 04 0 0 30.8 92.1
1983 04 0 1 0.099 0.416
1984 04 0 0 0.008 0.614
1985 04 0 1 506.5 316.1
1986 04 0 0 0.398 1.99
1987 04 0 1 88.2 139.6
1988 04 0 0 16.8 35.6
1989 04 0 1 1.07 2.71
1990 04 0 0 642.9 221.6
1991 04 0 0 98.6 3.54
1992 04 0 1 660.7 912.6
1993 04 0 1 30.6 111.6
1994 04 0 0 0.407 19.4
1995 04 0 0 63.0 10.1
1996 04 0 0 0.0 0.0
1997 04 0 1 269.9 80.9
1998 04 0 1 1.90 26.1
1999 04 0 1 257.7 263.6
2000 04 0 1 7.29 35.9
2001 04 0 0 53.4 93.3
2002 04 0 0 0.148 9.59
2003 04 0 0 24.7 63.5
2004 04 0 0 1866 299.0
2005 04 0 1 159.6 469.1
2006 04 0 0 0.046 0.132
2007 04 0 0 4.85 5.35
2008 04 0 1 4.07 17.5
2009 04 0 0 0.0 0.000
2010 04 0 1 256.4 10.2
2011 04 0 1 0.0 0.163
2012 04 0 0 6.60 49.3
2013 04 0 0 0.0 0.0
2014 04 0 0 0.014 0.150
2015 04 0 1 163.3 42.4
2016 04 0 1 14.8 13.8
1982 04 1 0 6.56535
1983 04 1 1 0.737395
1984 04 1 0 0.212032
1985 04 1 1 980.619
1986 04 1 0 0.698495
1987 04 1 1 69.8906
1988 04 1 0 19.3963
1989 04 1 1 0.265386
1990 04 1 0 389.84
1991 04 1 0 5.93065
1992 04 1 1 3560.55
1993 04 1 1 278.936
1994 04 1 0 17.0892
1995 04 1 0 7.16401
1996 04 1 0 3.65667e-05
1997 04 1 1 434.624
1998 04 1 1 4.93647
1999 04 1 1 22.4047
2000 04 1 1 6.39804
2001 04 1 0 118.761
2002 04 1 0 5.16071
2003 04 1 0 56.236
2004 04 1 0 367.165
2005 04 1 1 98.6272
2006 04 1 0 0.0211656
2007 04 1 0 1.67471
2008 04 1 1 1.13644
2009 04 1 0 8.06937e-05
2010 04 1 1 5.12714
2011 04 1 1 0.0144822
2012 04 1 0 6.56439
2013 04 1 0 4.42337e-06
2014 04 1 0 0.0077834
2015 04 1 1 53.7034
2016 04 1 1 4.35277
1982 05 2 1 91.7923
1983 05 2 1 12.4292
1984 05 2 0 0.294211
1985 05 2 0 341.748
1986 05 2 0 1.61532
1987 05 2 1 254.035
1988 05 2 1 22.8177
1989 05 2 1 1.97067
1990 05 2 0 136.68
1991 05 2 1 102.636
1992 05 2 1 459.564
1993 05 2 1 85.5374
1994 05 2 1 2.25003
1995 05 2 0 57.1123
1996 05 2 0 0.0827366
1997 05 2 1 207.457
1998 05 2 1 13.6639
1999 05 2 1 96.0302
2000 05 2 0 12.1953
2001 05 2 0 111.821
2002 05 2 1 0.857965
2003 05 2 0 63.9057
2004 05 2 0 556.739
2005 05 2 1 146.783
2006 05 2 0 0.163286
2007 05 2 0 10.641
2008 05 2 0 13.3938
2009 05 2 0 0.00106389
2010 05 2 0 331.378
2011 05 2 0 0.365793
2012 05 2 0 316.643
2013 05 2 0 0.0329463
2014 05 2 1 0.820928
2015 05 2 1 2780.12
2016 05 2 1 480.22
1982 06 3 1 161.324
1983 06 3 1 2.75708
1984 06 3 0 9.47816
1985 06 3 0 3161.03
1986 06 3 0 7.48966
1987 06 3 1 343.489
1988 06 3 1 16.0194
1989 06 3 0 5.42232
1990 06 3 0 76.1438
1991 06 3 1 80.1429
1992 06 3 1 1672.54
1993 06 3 1 1108.48
1994 06 3 1 67.1391
1995 06 3 0 3.06425
1996 06 3 0 0.00714568
1997 06 3 1 108.254
1998 06 3 0 4.83598
1999 06 3 1 30.6641
2000 06 3 0 0.824948
2001 06 3 0 51.0894
2002 06 3 1 22.1624
2003 06 3 0 38.056
2004 06 3 1 80.3985
2005 06 3 1 85.4891
2006 06 3 0 1.90656
2007 06 3 0 97.6436
2008 06 3 0 2.83068
2009 06 3 1 5.36446
2010 06 3 0 66.3059
2011 06 3 0 9.93272e-05
2012 06 3 0 11.1272
2013 06 3 0 11.8419
2014 06 3 1 103.523
2015 06 3 1 6563.3
2016 06 3 0 105.158
1982 07 4 1 518.355
1983 07 4 0 502.233
1984 07 4 0 0.181802
1985 07 4 0 3.37837
1986 07 4 0 8.82665
1987 07 4 1 524.189
1988 07 4 1 3.8805
1989 07 4 0 0.177242
1990 07 4 0 6.57555
1991 07 4 1 0.240222
1992 07 4 1 868.583
1993 07 4 1 205.889
1994 07 4 0 0.45334
1995 07 4 0 10.107
1996 07 4 0 64.0122
1997 07 4 1 48.6309
1998 07 4 1 0.269084
1999 07 4 1 22.443
2000 07 4 0 1.85224
2001 07 4 0 11.5507
2002 07 4 1 2.46318
2003 07 4 0 278.49
2004 07 4 1 82.3552
2005 07 4 0 320.781
2006 07 4 0 2.18591
2007 07 4 0 5.65633
2008 07 4 0 6.53073
2009 07 4 1 1.83895
2010 07 4 1 70.6915
2011 07 4 0 6.12323e-07
2012 07 4 1 0.820482
2013 07 4 0 18.2985
2014 07 4 0 0.0281793
2015 07 4 1 0.802759
2016 07 4 0 28.3679
1982 05 0 1 1524 30.8
1983 05 0 1 0.016 0.099
1984 05 0 0 5.87 0.008
1985 05 0 0 1725 506.5
1986 05 0 0 3.41 0.398
1987 05 0 1 298.0 88.2
1988 05 0 1 18.6 16.8
1989 05 0 1 29.7 1.07
1990 05 0 0 798.1 642.9
1991 05 0 1 228.5 98.6
1992 05 0 1 1052 660.7
1993 05 0 1 159.7 30.6
1994 05 0 1 85.1 0.407
1995 05 0 0 0.532 63.0
1996 05 0 0 0.0 0.0
1997 05 0 1 135.3 269.9
1998 05 0 1 0.0 1.90
1999 05 0 1 161.8 257.7
2000 05 0 0 0.547 7.29
2001 05 0 0 103.3 53.4
2002 05 0 1 133.8 0.148
2003 05 0 0 2.50 24.7
2004 05 0 0 1020 1866
2005 05 0 1 69.1 159.6
2006 05 0 0 22.6 0.046
2007 05 0 0 327.1 4.85
2008 05 0 0 17.1 4.07
2009 05 0 0 6.63 0.0
2010 05 0 0 148.5 256.4
2011 05 0 0 0.0 0.0
2012 05 0 0 271.6 6.60
2013 05 0 0 1.78 0.0
2014 05 0 1 15.6 0.014
2015 05 0 1 2621 163.3
2016 05 0 1 94.4 14.8
1982 05 1 1 582.168
1983 05 1 1 4.29998
1984 05 1 0 0.697915
1985 05 1 0 104.363
1986 05 1 0 28.986
1987 05 1 1 371.047
1988 05 1 1 16.5356
1989 05 1 1 4.26596
1990 05 1 0 224.201
1991 05 1 1 205.758
1992 05 1 1 1147.65
1993 05 1 1 421.818
1994 05 1 1 2.09888
1995 05 1 0 18.1205
1996 05 1 0 0.0715547
1997 05 1 1 833.521
1998 05 1 1 6.49322
1999 05 1 1 170.22
2000 05 1 0 8.44628
2001 05 1 0 104.582
2002 05 1 1 0.315115
2003 05 1 0 7.15332
2004 05 1 0 221.443
2005 05 1 1 60.3169
2006 05 1 0 0.371662
2007 05 1 0 7.28972
2008 05 1 0 4.16389
2009 05 1 0 0.0190875
2010 05 1 0 173.81
2011 05 1 0 0.153684
2012 05 1 0 23.2809
2013 05 1 0 0.000686696
2014 05 1 1 0.0719319
2015 05 1 1 1.92151e+06
2016 05 1 1 169.986
1982 06 2 1 1570.51
1983 06 2 1 0.620618
1984 06 2 0 8.43069
1985 06 2 0 525.061
1986 06 2 0 7.02113
1987 06 2 1 209.658
1988 06 2 1 7.65172
1989 06 2 0 30.4418
1990 06 2 0 55.1383
1991 06 2 1 76.6143
1992 06 2 1 5076.21
1993 06 2 1 665.59
1994 06 2 1 39.348
1995 06 2 0 0.128364
1996 06 2 0 0.00275737
1997 06 2 1 303.141
1998 06 2 0 0.0761425
1999 06 2 1 139.801
2000 06 2 0 2.217
2001 06 2 0 110.69
2002 06 2 1 17.8222
2003 06 2 0 5.7856
2004 06 2 1 444.246
2005 06 2 1 26.2388
2006 06 2 0 4.19458
2007 06 2 0 128.091
2008 06 2 0 3.45065
2009 06 2 1 20.4288
2010 06 2 0 88.0645
2011 06 2 0 0.375475
2012 06 2 0 37.8744
2013 06 2 0 5.9927
2014 06 2 1 10.0687
2015 06 2 1 190.65
2016 06 2 0 6.71219
1982 07 3 1 17.539
1983 07 3 0 56.2669
1984 07 3 0 0.00701295
1985 07 3 0 6.02637
1986 07 3 0 97.7892
1987 07 3 1 7580.97
1988 07 3 1 0.897696
1989 07 3 0 0.369335
1990 07 3 0 48.2155
1991 07 3 1 2.19703
1992 07 3 1 6.49713
1993 07 3 1 35.7151
1994 07 3 0 10.3013
1995 07 3 0 111.736
1996 07 3 0 2.27588
1997 07 3 1 138.769
1998 07 3 1 0.000381525
1999 07 3 1 66.6503
2000 07 3 0 11.5058
2001 07 3 0 0.140317
2002 07 3 1 1.41026
2003 07 3 0 8.41298
2004 07 3 1 50.6761
2005 07 3 0 867.287
2006 07 3 0 42.0201
2007 07 3 0 4729.06
2008 07 3 0 3.49928
2009 07 3 1 0.135791
2010 07 3 1 235.389
2011 07 3 0 0.00243627
2012 07 3 1 1.28346
2013 07 3 0 90.4352
2014 07 3 0 7.96297e-05
2015 07 3 1 2.46125
2016 07 3 0 479.823
1982 08 4 1 15.38
1983 08 4 0 0.951979
1984 08 4 0 0.00504729
1985 08 4 0 1.51359
1986 08 4 0 0.157135
1987 08 4 1 75.8352
1988 08 4 1 3.19274
1989 08 4 0 0.00418201
1990 08 4 0 3.62546
1991 08 4 1 0.0994059
1992 08 4 0 425.582
1993 08 4 0 28.0031
1994 08 4 1 0.294611
1995 08 4 0 0.521634
1996 08 4 0 1.97935
1997 08 4 1 19.9928
1998 08 4 1 11.6586
1999 08 4 1 0.259251
2000 08 4 0 0.00231817
2001 08 4 0 0.912053
2002 08 4 1 1.3267
2003 08 4 0 10.3351
2004 08 4 1 343.054
2005 08 4 0 288.674
2006 08 4 0 1.84682
2007 08 4 0 8.15285
2008 08 4 0 65.9395
2009 08 4 1 0.0196517
2010 08 4 1 228.874
2011 08 4 0 0.000830777
2012 08 4 1 0.00212582
2013 08 4 0 0.448179
2014 08 4 0 0.022534
2015 08 4 1 0.0161668
2016 08 4 0 0.0999103
1982 06 0 1 102.8 1524
1983 06 0 1 23.1 0.016
1984 06 0 0 0.003 5.87
1985 06 0 0 705.7 1725
1986 06 0 0 878.2 3.41
1987 06 0 1 5404 298.0
1988 06 0 1 3.35 18.6
1989 06 0 0 7.39 29.7
1990 06 0 0 70.0 798.1
1991 06 0 1 28.1 228.5
1992 06 0 1 903.8 1052
1993 06 0 1 136.7 159.7
1994 06 0 1 102.9 85.1
1995 06 0 0 108.9 0.532
1996 06 0 0 3.10 0.0
1997 06 0 1 1329 135.3
1998 06 0 0 0.0 0.0
1999 06 0 1 241.5 161.8
2000 06 0 0 103.4 0.547
2001 06 0 0 6.31 103.3
2002 06 0 1 3.94 133.8
2003 06 0 0 38.8 2.50
2004 06 0 1 327.9 1020
2005 06 0 1 48.5 69.1
2006 06 0 0 0.780 22.6
2007 06 0 0 1402 327.1
2008 06 0 0 3.03 17.1
2009 06 0 1 0.273 6.63
2010 06 0 0 28.1 148.5
2011 06 0 0 0.0 0.0
2012 06 0 0 4.12 271.6
2013 06 0 0 374.2 1.78
2014 06 0 1 2.86 15.6
2015 06 0 1 3273 2621
2016 06 0 0 253.9 94.4
1982 06 1 1 1165.98
1983 06 1 1 2.55301
1984 06 1 0 213.366
1985 06 1 0 410.857
1986 06 1 0 8.25062
1987 06 1 1 236.147
1988 06 1 1 15.4308
1989 06 1 0 13.5944
1990 06 1 0 42.837
1991 06 1 1 14.6249
1992 06 1 1 1027.44
1993 06 1 1 169.049
1994 06 1 1 33.0303
1995 06 1 0 0.698691
1996 06 1 0 0.0187864
1997 06 1 1 188.247
1998 06 1 0 0.0171498
1999 06 1 1 45.1866
2000 06 1 0 4.7413
2001 06 1 0 22.8827
2002 06 1 1 62.2529
2003 06 1 0 3.01969
2004 06 1 1 325.373
2005 06 1 1 58.4313
2006 06 1 0 12.3501
2007 06 1 0 304.25
2008 06 1 0 7.34171
2009 06 1 1 4.60966
2010 06 1 0 38.7679
2011 06 1 0 0.0287518
2012 06 1 0 6.99376
2013 06 1 0 2.08577
2014 06 1 1 6.75409
2015 06 1 1 3811.72
2016 06 1 0 32.2525
1982 07 2 1 9.95969
1983 07 2 0 6.96967
1984 07 2 0 0.0382639
1985 07 2 0 16.8128
1986 07 2 0 148.874
1987 07 2 1 1342.53
1988 07 2 1 3.37244
1989 07 2 0 2.6682
1990 07 2 0 28.3412
1991 07 2 1 4.62647
1992 07 2 1 16.2298
1993 07 2 1 10.2476
1994 07 2 0 13.0947
1995 07 2 0 66.1941
1996 07 2 0 3.42382
1997 07 2 1 90.8355
1998 07 2 1 0.00575685
1999 07 2 1 307.148
2000 07 2 0 27.2575
2001 07 2 0 1.63584
2002 07 2 1 0.520639
2003 07 2 0 5.28731
2004 07 2 1 16.3675
2005 07 2 0 82.8075
2006 07 2 0 1.16728
2007 07 2 0 164.752
2008 07 2 0 7.0633
2009 07 2 1 0.810612
2010 07 2 1 81.0465
2011 07 2 0 0.000101179
2012 07 2 1 4.50912
2013 07 2 0 93.7674
2014 07 2 0 0.0446831
2015 07 2 1 55.622
2016 07 2 0 322.095
1982 08 3 1 3.79837
1983 08 3 0 5.00341
1984 08 3 0 0.0958483
1985 08 3 0 39.1625
1986 08 3 0 2.5727
1987 08 3 1 5.50574
1988 08 3 1 0.342526
1989 08 3 0 0.0234983
1990 08 3 0 4.15739
1991 08 3 1 1.70054
1992 08 3 0 14.4464
1993 08 3 0 4.28879
1994 08 3 1 0.797775
1995 08 3 0 3.49607
1996 08 3 0 4.90289
1997 08 3 1 12.3946
1998 08 3 1 0.0087774
1999 08 3 1 3.05807
2000 08 3 0 0.0437938
2001 08 3 0 12.1492
2002 08 3 1 53.3057
2003 08 3 0 14.3553
2004 08 3 1 7.6041
2005 08 3 0 2.04966
2006 08 3 0 1.50156
2007 08 3 0 5.56434
2008 08 3 0 0.455134
2009 08 3 1 0.00556234
2010 08 3 1 2.02659
2011 08 3 0 2.32624
2012 08 3 1 0.00516547
2013 08 3 0 0.806583
2014 08 3 0 0.0656201
2015 08 3 1 0.000211676
2016 08 3 0 0.000150059
1982 09 4 1 13.6663
1983 09 4 0 3.41526
1984 09 4 0 0.491665
1985 09 4 0 66.4733
1986 09 4 1 0.658389
1987 09 4 1 271.026
1988 09 4 1 165.221
1989 09 4 0 59.4299
1990 09 4 0 672.66
1991 09 4 1 100.839
1992 09 4 0 38.1903
1993 09 4 1 0.00445896
1994 09 4 1 14.5507
1995 09 4 0 1.31613
1996 09 4 0 122.293
1997 09 4 1 57.6892
1998 09 4 0 653.111
1999 09 4 1 313.143
2000 09 4 0 0.0885001
2001 09 4 0 24.1518
2002 09 4 1 104.338
2003 09 4 0 153.734
2004 09 4 1 758.269
2005 09 4 0 41.1688
2006 09 4 1 0.182722
2007 09 4 1 1815.98
2008 09 4 0 57.5714
2009 09 4 1 0.266334
2010 09 4 1 101.292
2011 09 4 0 0.0261842
2012 09 4 1 0.0142992
2013 09 4 0 25.5259
2014 09 4 1 1.19942
2015 09 4 1 0.0541201
2016 09 4 0 0.238248
1982 07 0 1 4.60 102.8
1983 07 0 0 3.79 23.1
1984 07 0 0 0.0 0.003
1985 07 0 0 713.0 705.7
1986 07 0 0 2.59 878.2
1987 07 0 1 1047 5404
1988 07 0 1 53.1 3.35
1989 07 0 0 0.0 7.39
1990 07 0 0 1580 70.0
1991 07 0 1 0.755 28.1
1992 07 0 1 271.7 903.8
1993 07 0 1 89.5 136.7
1994 07 0 0 0.203 102.9
1995 07 0 0 157.8 108.9
1996 07 0 0 22.9 3.10
1997 07 0 1 1810 1329
1998 07 0 1 0.0 0.0
1999 07 0 1 410.0 241.5
2000 07 0 0 0.0 103.4
2001 07 0 0 20.0 6.31
2002 07 0 1 10360 3.94
2003 07 0 0 361.9 38.8
2004 07 0 1 1948 327.9
2005 07 0 0 117.9 48.5
2006 07 0 0 36.2 0.780
2007 07 0 0 5037 1402
2008 07 0 0 0.533 3.03
2009 07 0 1 0.0 0.273
2010 07 0 1 445.3 28.1
2011 07 0 0 8.65 0.0
2012 07 0 1 0.0 4.12
2013 07 0 0 382.1 374.2
2014 07 0 0 79.5 2.86
2015 07 0 1 77.2 3273
2016 07 0 0 18.3 253.9
1982 07 1 1 13.9885
1983 07 1 0 10.127
1984 07 1 0 0.0146043
1985 07 1 0 109.726
1986 07 1 0 45.3003
1987 07 1 1 307.146
1988 07 1 1 10.4634
1989 07 1 0 3.66192
1990 07 1 0 14.4004
1991 07 1 1 4.13387
1992 07 1 1 32.1718
1993 07 1 1 5.89698
1994 07 1 0 10.634
1995 07 1 0 39.1177
1996 07 1 0 2.24333
1997 07 1 1 193.218
1998 07 1 1 0.00400364
1999 07 1 1 151.949
2000 07 1 0 12.9463
2001 07 1 0 1.82883
2002 07 1 1 1.39014
2003 07 1 0 5.68691
2004 07 1 1 12.9216
2005 07 1 0 29.2309
2006 07 1 0 2.09838
2007 07 1 0 668.63
2008 07 1 0 10.3622
2009 07 1 1 0.764744
2010 07 1 1 1332.63
2011 07 1 0 7.0541e-05
2012 07 1 1 127.649
2013 07 1 0 2734.21
2014 07 1 0 0.0299928
2015 07 1 1 3.65483
2016 07 1 0 95.9836
1982 08 2 1 2.8818
1983 08 2 0 2.69214
1984 08 2 0 0.0130977
1985 08 2 0 7.97564
1986 08 2 0 1.20432
1987 08 2 1 4.94368
1988 08 2 1 3.00881
1989 08 2 0 0.00256842
1990 08 2 0 46.8745
1991 08 2 1 0.617131
1992 08 2 0 11.2738
1993 08 2 0 5.4101
1994 08 2 1 0.429282
1995 08 2 0 32.6519
1996 08 2 0 2.37382
1997 08 2 1 13.9805
1998 08 2 1 0.00222019
1999 08 2 1 11.2007
2000 08 2 0 0.0158174
2001 08 2 0 5.24147
2002 08 2 1 32.0394
2003 08 2 0 11.5366
2004 08 2 1 12.5422
2005 08 2 0 85.8519
2006 08 2 0 15.858
2007 08 2 0 62.1409
2008 08 2 0 0.587539
2009 08 2 1 0.0302188
2010 08 2 1 63.2118
2011 08 2 0 46.604
2012 08 2 1 0.0286798
2013 08 2 0 1.1029
2014 08 2 0 2.13418
2015 08 2 1 0.0868115
2016 08 2 0 0.0021708
1982 09 3 1 10.7501
1983 09 3 0 29.4398
1984 09 3 0 0.421648
1985 09 3 0 18.8485
1986 09 3 1 1.01383
1987 09 3 1 518.575
1988 09 3 1 98.18
1989 09 3 0 37.5491
1990 09 3 0 399.963
1991 09 3 1 55.0725
1992 09 3 0 838.71
1993 09 3 1 0.536491
1994 09 3 1 31.1719
1995 09 3 0 0.307233
1996 09 3 0 22.1959
1997 09 3 1 165.61
1998 09 3 0 135.9
1999 09 3 1 229.619
2000 09 3 0 0.104977
2001 09 3 0 15.6352
2002 09 3 1 152.494
2003 09 3 0 27.0913
2004 09 3 1 245.26
2005 09 3 0 55.1474
2006 09 3 1 0.0202992
2007 09 3 1 3513.9
2008 09 3 0 44.4675
2009 09 3 1 0.374022
2010 09 3 1 67.4652
2011 09 3 0 0.00358297
2012 09 3 1 0.000995007
2013 09 3 0 1.50989
2014 09 3 1 1.00091
2015 09 3 1 1.894
2016 09 3 0 2.24835
1982 10 4 1 7.92379
1983 10 4 0 46.4277
1984 10 4 1 1.34001
1985 10 4 0 66.8679
1986 10 4 1 25.2509
1987 10 4 1 56.351
1988 10 4 1 1098.37
1989 10 4 0 74.9422
1990 10 4 0 1.30107
1991 10 4 1 6.15256
1992 10 4 0 30.7231
1993 10 4 1 11.9157
1994 10 4 1 63.8588
1995 10 4 1 116.388
1996 10 4 0 121.01
1997 10 4 1 9.57484
1998 10 4 1 214.986
1999 10 4 1 108.097
2000 10 4 1 17.9456
2001 10 4 0 24.8825
2002 10 4 1 101.919
2003 10 4 0 146.095
2004 10 4 1 28.5488
2005 10 4 0 156.479
2006 10 4 1 5.47241
2007 10 4 1 88.6124
2008 10 4 0 44.2392
2009 10 4 1 0.781458
2010 10 4 1 78.7132
2011 10 4 1 1475.92
2012 10 4 0 3605.29
2013 10 4 0 234.604
2014 10 4 1 325.747
2015 10 4 1 51.6746
2016 10 4 1 61.7251
1982 08 0 1 0.559 4.60
1983 08 0 0 1.07 3.79
1984 08 0 0 0.0 0.0
1985 08 0 0 0.312 713.0
1986 08 0 0 0.006 2.59
1987 08 0 1 231.1 1047
1988 08 0 1 8.51 53.1
1989 08 0 0 10.3 0.0
1990 08 0 0 1503 1580
1991 08 0 1 66.1 0.755
1992 08 0 0 367.3 271.7
1993 08 0 0 0.0 89.5
1994 08 0 1 4.86 0.203
1995 08 0 0 0.010 157.8
1996 08 0 0 13.4 22.9
1997 08 0 1 117.3 1810
1998 08 0 1 555.5 0.0
1999 08 0 1 232.1 410.0
2000 08 0 0 0.0 0.0
2001 08 0 0 14.2 20.0
2002 08 0 1 137.1 10360
2003 08 0 0 11.8 361.9
2004 08 0 1 283.8 1948
2005 08 0 0 11.1 117.9
2006 08 0 0 0.0 36.2
2007 08 0 0 2817 5037
2008 08 0 0 19.4 0.533
2009 08 0 1 0.0 0.0
2010 08 0 1 13.7 445.3
2011 08 0 0 0.0 8.65
2012 08 0 1 0.0 0.0
2013 08 0 0 1.12 382.1
2014 08 0 0 0.014 79.5
2015 08 0 1 0.061 77.2
2016 08 0 0 383.0 18.3
1982 08 1 1 1.27746
1983 08 1 0 5.62442
1984 08 1 0 0.267868
1985 08 1 0 18.4864
1986 08 1 0 1.10113
1987 08 1 1 20.8861
1988 08 1 1 2.48137
1989 08 1 0 0.0189943
1990 08 1 0 17.8812
1991 08 1 1 0.18717
1992 08 1 0 13.5442
1993 08 1 0 10.3738
1994 08 1 1 1.4758
1995 08 1 0 3.94629
1996 08 1 0 1.10195
1997 08 1 1 11.9658
1998 08 1 1 0.00155603
1999 08 1 1 5.60069
2000 08 1 0 0.110362
2001 08 1 0 4.80502
2002 08 1 1 89.0025
2003 08 1 0 6.62464
2004 08 1 1 24.1093
2005 08 1 0 3.74875
2006 08 1 0 7.38363
2007 08 1 0 282.553
2008 08 1 0 0.271222
2009 08 1 1 0.00617813
2010 08 1 1 3.68263
2011 08 1 0 0.0407054
2012 08 1 1 0.110867
2013 08 1 0 4.53294
2014 08 1 0 0.256804
2015 08 1 1 0.011405
2016 08 1 0 0.00201005
1982 09 2 1 7.60233
1983 09 2 0 205.532
1984 09 2 0 3.19789
1985 09 2 0 23.9197
1986 09 2 1 0.444302
1987 09 2 1 296.402
1988 09 2 1 91.2318
1989 09 2 0 72.4856
1990 09 2 0 853.088
1991 09 2 1 44.69
1992 09 2 0 260.484
1993 09 2 1 0.264409
1994 09 2 1 22.4111
1995 09 2 0 0.48515
1996 09 2 0 60.2212
1997 09 2 1 249.209
1998 09 2 0 38.6551
1999 09 2 1 232.517
2000 09 2 0 0.0502014
2001 09 2 0 45.062
2002 09 2 1 138.274
2003 09 2 0 48.2254
2004 09 2 1 1003.99
2005 09 2 0 94.0891
2006 09 2 1 0.0537136
2007 09 2 1 9639.8
2008 09 2 0 26.4477
2009 09 2 1 1.50368
2010 09 2 1 18.2695
2011 09 2 0 0.0222677
2012 09 2 1 0.0244187
2013 09 2 0 2.7379
2014 09 2 1 0.137223
2015 09 2 1 0.243223
2016 09 2 0 1.65505
1982 10 3 1 231.801
1983 10 3 0 6.8911
1984 10 3 1 1.25519
1985 10 3 0 70.6582
1986 10 3 1 65.611
1987 10 3 1 194.554
1988 10 3 1 192.265
1989 10 3 0 103.292
1990 10 3 0 107.171
1991 10 3 1 46.0326
1992 10 3 0 29.298
1993 10 3 1 15.1245
1994 10 3 1 46.4623
1995 10 3 1 129.462
1996 10 3 0 160.585
1997 10 3 1 24.1579
1998 10 3 1 125.575
1999 10 3 1 12.9557
2000 10 3 1 19.8612
2001 10 3 0 35.1807
2002 10 3 1 1.80574
2003 10 3 0 41.425
2004 10 3 1 10.9808
2005 10 3 0 0.811524
2006 10 3 1 87.4083
2007 10 3 1 47.1712
2008 10 3 0 33.9414
2009 10 3 1 6.06282
2010 10 3 1 234.916
2011 10 3 1 327.461
2012 10 3 0 200.82
2013 10 3 0 548.981
2014 10 3 1 403.996
2015 10 3 1 18.8708
2016 10 3 1 3.7791
1982 11 4 1 92.1882
1983 11 4 1 82.6508
1984 11 4 1 68.0784
1985 11 4 0 194.834
1986 11 4 1 90.3119
1987 11 4 1 350.489
1988 11 4 1 4.47832
1989 11 4 0 18.9307
1990 11 4 0 63.297
1991 11 4 1 319.125
1992 11 4 0 45.3037
1993 11 4 1 0.507516
1994 11 4 1 51.3926
1995 11 4 1 1.09808
1996 11 4 0 19.6006
1997 11 4 1 761.342
1998 11 4 1 41.5534
1999 11 4 1 1.69196
2000 11 4 1 4.28024
2001 11 4 0 2.93545e-05
2002 11 4 1 596.65
2003 11 4 1 342.008
2004 11 4 1 130.383
2005 11 4 0 63.1091
2006 11 4 1 59.1928
2007 11 4 1 140.39
2008 11 4 0 0.438004
2009 11 4 1 20.7356
2010 11 4 1 0.976038
2011 11 4 1 0.905772
2012 11 4 0 0.557011
2013 11 4 0 67.4205
2014 11 4 1 1.55051
2015 11 4 1 13.5501
2016 11 4 0 2.35883
1982 09 0 1 23.7 0.559
1983 09 0 0 80.4 1.07
1984 09 0 0 0.0 0.0
1985 09 0 0 84.1 0.312
1986 09 0 1 37.4 0.006
1987 09 0 1 508.5 231.1
1988 09 0 1 53.3 8.51
1989 09 0 0 2.14 10.3
1990 09 0 0 151.1 1503
1991 09 0 1 224.4 66.1
1992 09 0 0 97.4 367.3
1993 09 0 1 2.12 0.0
1994 09 0 1 2.52 4.86
1995 09 0 0 189.0 0.010
1996 09 0 0 489.0 13.4
1997 09 0 1 28.9 117.3
1998 09 0 0 2972 555.5
1999 09 0 1 1070 232.1
2000 09 0 0 5.02 0.0
2001 09 0 0 1015 14.2
2002 09 0 1 7150 137.1
2003 09 0 0 175.2 11.8
2004 09 0 1 425.2 283.8
2005 09 0 0 0.0 11.1
2006 09 0 1 155.6 0.0
2007 09 0 1 645.9 2817
2008 09 0 0 88.0 19.4
2009 09 0 1 0.0 0.0
2010 09 0 1 6.39 13.7
2011 09 0 0 0.0 0.0
2012 09 0 1 1.07 0.0
2013 09 0 0 4.02 1.12
2014 09 0 1 0.0 0.014
2015 09 0 1 26.6 0.061
2016 09 0 0 305.8 383.0
1982 09 1 1 9.4288
1983 09 1 0 40.3765
1984 09 1 0 1.10144
1985 09 1 0 13.8452
1986 09 1 1 1.11858
1987 09 1 1 186.043
1988 09 1 1 57.7486
1989 09 1 0 62.2618
1990 09 1 0 751.638
1991 09 1 1 135.877
1992 09 1 0 537.887
1993 09 1 1 0.278247
1994 09 1 1 37.4366
1995 09 1 0 0.991271
1996 09 1 0 47.2492
1997 09 1 1 168.426
1998 09 1 0 146.062
1999 09 1 1 94.9462
2000 09 1 0 0.0295329
2001 09 1 0 30.0436
2002 09 1 1 103.963
2003 09 1 0 51.2493
2004 09 1 1 137.396
2005 09 1 0 193.298
2006 09 1 1 0.0910518
2007 09 1 1 2931.05
2008 09 1 0 60.9566
2009 09 1 1 0.604146
2010 09 1 1 72.7787
2011 09 1 0 0.0205821
2012 09 1 1 0.00925286
2013 09 1 0 23.9953
2014 09 1 1 4.91006
2015 09 1 1 0.150387
2016 09 1 0 0.751232
1982 10 2 1 32.0582
1983 10 2 0 29.7025
1984 10 2 1 3.43836
1985 10 2 0 28.7445
1986 10 2 1 31.2479
1987 10 2 1 41.1859
1988 10 2 1 31.2086
1989 10 2 0 15.3312
1990 10 2 0 17.4427
1991 10 2 1 28.9448
1992 10 2 0 598.25
1993 10 2 1 157.597
1994 10 2 1 29.0916
1995 10 2 1 10.9011
1996 10 2 0 13.8374
1997 10 2 1 87.1027
1998 10 2 1 17.1446
1999 10 2 1 26.2008
2000 10 2 1 33.4523
2001 10 2 0 138.755
2002 10 2 1 86.2187
2003 10 2 0 6.66698
2004 10 2 1 76.039
2005 10 2 0 3.62127
2006 10 2 1 13.9285
2007 10 2 1 64.4714
2008 10 2 0 27.8879
2009 10 2 1 23.6093
2010 10 2 1 14.8733
2011 10 2 1 42.997
2012 10 2 0 100.603
2013 10 2 0 344.255
2014 10 2 1 274.765
2015 10 2 1 5107.5
2016 10 2 1 1395.56
1982 11 3 1 113.973
1983 11 3 1 57.205
1984 11 3 1 274.373
1985 11 3 0 276.593
1986 11 3 1 134.248
1987 11 3 1 81.1364
1988 11 3 1 12.5748
1989 11 3 0 19.6353
1990 11 3 0 35.5073
1991 11 3 1 79.7086
1992 11 3 0 40.3811
1993 11 3 1 0.383707
1994 11 3 1 62.8711
1995 11 3 1 5.98911
1996 11 3 0 60.2355
1997 11 3 1 31.2318
1998 11 3 1 151.323
1999 11 3 1 16.892
2000 11 3 1 4.0509
2001 11 3 0 1.33869e-05
2002 11 3 1 420.878
2003 11 3 1 305.23
2004 11 3 1 29.0652
2005 11 3 0 38.1205
2006 11 3 1 70.5939
2007 11 3 1 155.135
2008 11 3 0 2.45041
2009 11 3 1 7.52418
2010 11 3 1 16.3043
2011 11 3 1 5.73275
2012 11 3 0 25.1125
2013 11 3 0 85.6281
2014 11 3 1 1.64445
2015 11 3 1 3.24427
2016 11 3 0 0.464518
1982 12 4 1 2.43609
1983 12 4 0 11.0441
1984 12 4 1 34.1771
1985 12 4 0 72.6514
1986 12 4 1 91.9929
1987 12 4 1 13.2854
1988 12 4 1 9.42633
1989 12 4 0 4.31391
1990 12 4 1 7.77218
1991 12 4 1 46.8786
1992 12 4 0 12.1138
1993 12 4 0 0.000215371
1994 12 4 1 15.1024
1995 12 4 1 22.2408
1996 12 4 0 80.0961
1997 12 4 1 8.98054
1998 12 4 1 12.9078
1999 12 4 1 0.0583863
2000 12 4 1 18.7136
2001 12 4 0 206.058
2002 12 4 1 490.43
2003 12 4 0 15.27
2004 12 4 1 29.9135
2005 12 4 1 1.39589
2006 12 4 1 0.0966656
2007 12 4 1 17.4086
2008 12 4 1 0.0207901
2009 12 4 1 37.9314
2010 12 4 1 3.77489e-05
2011 12 4 1 0.0596686
2012 12 4 0 1.61553
2013 12 4 0 2.38496
2014 12 4 1 5.02953e-06
2015 12 4 1 0.108763
2016 12 4 0 0.190938
1982 10 0 1 202.3 23.7
1983 10 0 0 82.2 80.4
1984 10 0 1 902.8 0.0
1985 10 0 0 1484 84.1
1986 10 0 1 774.7 37.4
1987 10 0 1 247.4 508.5
1988 10 0 1 21.4 53.3
1989 10 0 0 29.1 2.14
1990 10 0 0 65.2 151.1
1991 10 0 1 219.6 224.4
1992 10 0 0 36.4 97.4
1993 10 0 1 0.0 2.12
1994 10 0 1 189.7 2.52
1995 10 0 1 4.92 189.0
1996 10 0 0 176.0 489.0
1997 10 0 1 64.7 28.9
1998 10 0 1 896.8 2972
1999 10 0 1 17.9 1070
2000 10 0 1 18.2 5.02
2001 10 0 0 0.0 1015
2002 10 0 1 621.5 7150
2003 10 0 0 4080 175.2
2004 10 0 1 108.7 425.2
2005 10 0 0 54.7 0.0
2006 10 0 1 66.1 155.6
2007 10 0 1 255.5 645.9
2008 10 0 0 0.293 88.0
2009 10 0 1 4.05 0.0
2010 10 0 1 0.329 6.39
2011 10 0 1 101.4 0.0
2012 10 0 0 149.3 1.07
2013 10 0 0 5609 4.02
2014 10 0 1 21.6 0.0
2015 10 0 1 281.9 26.6
2016 10 0 1 980.3 305.8
1982 10 1 1 63.3523
1983 10 1 0 23.4156
1984 10 1 1 130.299
1985 10 1 0 94.8024
1986 10 1 1 10.3789
1987 10 1 1 37.5207
1988 10 1 1 39.0898
1989 10 1 0 20.4108
1990 10 1 0 26.6877
1991 10 1 1 87.1405
1992 10 1 0 109.859
1993 10 1 1 58.4006
1994 10 1 1 37.929
1995 10 1 1 3.22938
1996 10 1 0 6.17649
1997 10 1 1 75.2995
1998 10 1 1 27.7725
1999 10 1 1 13.2214
2000 10 1 1 21.8237
2001 10 1 0 35.0852
2002 10 1 1 63.8586
2003 10 1 0 57.6547
2004 10 1 1 68.4818
2005 10 1 0 19.5722
2006 10 1 1 20.6423
2007 10 1 1 16.9006
2008 10 1 0 34.6586
2009 10 1 1 165.832
2010 10 1 1 77.5942
2011 10 1 1 126.598
2012 10 1 0 20.131
2013 10 1 0 198.872
2014 10 1 1 22.61
2015 10 1 1 4072.29
2016 10 1 1 32.9382
1982 11 2 1 239.619
1983 11 2 1 49.4192
1984 11 2 1 280.68
1985 11 2 0 213.98
1986 11 2 1 233.791
1987 11 2 1 54.648
1988 11 2 1 8.33918
1989 11 2 0 24.411
1990 11 2 0 38.4182
1991 11 2 1 53.8464
1992 11 2 0 42.4525
1993 11 2 1 0.301841
1994 11 2 1 73.6396
1995 11 2 1 3.4839
1996 11 2 0 60.0044
1997 11 2 1 58.2826
1998 11 2 1 100.921
1999 11 2 1 6.53931
2000 11 2 1 3.0188
2001 11 2 0 3.62644e-05
2002 11 2 1 120.255
2003 11 2 1 523.448
2004 11 2 1 87.1809
2005 11 2 0 23.4907
2006 11 2 1 63.5033
2007 11 2 1 107.596
2008 11 2 0 1.69015
2009 11 2 1 10.0677
2010 11 2 1 4.3334
2011 11 2 1 1.82585
2012 11 2 0 0.558331
2013 11 2 0 89.0346
2014 11 2 1 1.71481
2015 11 2 1 4.04192
2016 11 2 0 2.27262
1982 12 3 1 9.86026
1983 12 3 0 2.30962
1984 12 3 1 6.99824
1985 12 3 0 73.8754
1986 12 3 1 25.3948
1987 12 3 1 41.4699
1988 12 3 1 3.73243
1989 12 3 0 2.83408
1990 12 3 1 12.5786
1991 12 3 1 36.3124
1992 12 3 0 25.8497
1993 12 3 0 0.000576983
1994 12 3 1 23.7185
1995 12 3 1 16.2322
1996 12 3 0 137.36
1997 12 3 1 6.83539
1998 12 3 1 15.0456
1999 12 3 1 0.0670451
2000 12 3 1 56.6031
2001 12 3 0 305.517
2002 12 3 1 2340.96
2003 12 3 0 139.96
2004 12 3 1 28.365
2005 12 3 1 0.86823
2006 12 3 1 0.0287829
2007 12 3 1 19.6685
2008 12 3 1 0.0599427
2009 12 3 1 14.3193
2010 12 3 1 3.53146e-05
2011 12 3 1 0.014729
2012 12 3 0 1.16679
2013 12 3 0 1.55679
2014 12 3 1 1.94846e-05
2015 12 3 1 1.82113
2016 12 3 0 0.189376
1983 01 4 1 4.96734
1984 01 4 1 0.186508
1985 01 4 1 0.775438
1986 01 4 1 49.6787
1987 01 4 1 253.729
1988 01 4 1 73.1015
1989 01 4 1 0.0803466
1990 01 4 0 0.0143071
1991 01 4 1 11.659
1992 01 4 1 245.315
1993 01 4 0 36.1348
1994 01 4 0 0.00155509
1995 01 4 1 38.3705
1996 01 4 1 3.50227
1997 01 4 0 111.427
1998 01 4 1 15.7827
1999 01 4 1 81.3775
2000 01 4 1 2.07686
2001 01 4 1 183.524
2002 01 4 0 380.672
2003 01 4 1 167.337
2004 01 4 0 54.7803
2005 01 4 1 716.948
2006 01 4 1 0.253865
2007 01 4 1 5.71486
2008 01 4 1 67.199
2009 01 4 1 0.238616
2010 01 4 1 0.685955
2011 01 4 1 5.95047e-05
2012 01 4 1 7.98805e-05
2013 01 4 0 0.0299969
2014 01 4 0 0.192699
2015 01 4 1 3.90581e-05
2016 01 4 1 0.479706
2017 01 4 0 2.07117
1982 11 0 1 1.90 202.3
1983 11 0 1 58.2 82.2
1984 11 0 1 168.9 902.8
1985 11 0 0 1402 1484
1986 11 0 1 286.5 774.7
1987 11 0 1 150.5 247.4
1988 11 0 1 93.0 21.4
1989 11 0 0 19.6 29.1
1990 11 0 0 24.0 65.2
1991 11 0 1 57.4 219.6
1992 11 0 0 69.6 36.4
1993 11 0 1 0.0 0.0
1994 11 0 1 30.8 189.7
1995 11 0 1 321.3 4.92
1996 11 0 0 599.4 176.0
1997 11 0 1 30.7 64.7
1998 11 0 1 597.7 896.8
1999 11 0 1 5.70 17.9
2000 11 0 1 577.2 18.2
2001 11 0 0 1442 0.0
2002 11 0 1 1586 621.5
2003 11 0 1 181.8 4080
2004 11 0 1 445.3 108.7
2005 11 0 0 6.47 54.7
2006 11 0 1 0.090 66.1
2007 11 0 1 137.1 255.5
2008 11 0 0 0.056 0.293
2009 11 0 1 8.28 4.05
2010 11 0 1 0.0 0.329
2011 11 0 1 0.672 101.4
2012 11 0 0 7.14 149.3
2013 11 0 0 74.6 5609
2014 11 0 1 0.0 21.6
2015 11 0 1 79.6 281.9
2016 11 0 0 133.6 980.3
1982 11 1 1 205.949
1983 11 1 1 3.84557
1984 11 1 1 13.4928
1985 11 1 0 45.7865
1986 11 1 1 324.219
1987 11 1 1 7778.12
1988 11 1 1 12.8035
1989 11 1 0 48.8908
1990 11 1 0 66.3023
1991 11 1 1 34.6523
1992 11 1 0 21.1978
1993 11 1 1 0.0463525
1994 11 1 1 237.946
1995 11 1 1 23.2867
1996 11 1 0 24.5663
1997 11 1 1 226.471
1998 11 1 1 15.9355
1999 11 1 1 0.881575
2000 11 1 1 16.7575
2001 11 1 0 0.000167652
2002 11 1 1 149.37
2003 11 1 1 1016.25
2004 11 1 1 88.3681
2005 11 1 0 30.1619
2006 11 1 1 162.98
2007 11 1 1 28.8972
2008 11 1 0 0.926997
2009 11 1 1 9.87847
2010 11 1 1 0.694439
2011 11 1 1 11.3433
2012 11 1 0 13.854
2013 11 1 0 31.491
2014 11 1 1 0.0297748
2015 11 1 1 155.84
2016 11 1 0 9.87203
1982 12 2 1 16.48
1983 12 2 0 4.69038
1984 12 2 1 18.5885
1985 12 2 0 90.7423
1986 12 2 1 183.311
1987 12 2 1 21.363
1988 12 2 1 2.80512
1989 12 2 0 2.53615
1990 12 2 1 2.91965
1991 12 2 1 13.7918
1992 12 2 0 8.70071
1993 12 2 0 0.000293533
1994 12 2 1 7.00908
1995 12 2 1 20.9143
1996 12 2 0 54.6528
1997 12 2 1 59.5184
1998 12 2 1 11.9064
1999 12 2 1 0.200673
2000 12 2 1 42.7313
2001 12 2 0 121.393
2002 12 2 1 500.278
2003 12 2 0 117.105
2004 12 2 1 277.769
2005 12 2 1 0.918578
2006 12 2 1 0.0533578
2007 12 2 1 6.93063
2008 12 2 1 0.0155692
2009 12 2 1 13.356
2010 12 2 1 7.1508e-05
2011 12 2 1 0.0293166
2012 12 2 0 0.928851
2013 12 2 0 3.09777
2014 12 2 1 1.61071e-05
2015 12 2 1 0.443677
2016 12 2 0 0.170104
1983 01 3 1 2.31186
1984 01 3 1 0.639217
1985 01 3 1 1.76261
1986 01 3 1 109.413
1987 01 3 1 249.871
1988 01 3 1 84.4356
1989 01 3 1 0.260709
1990 01 3 0 0.0158826
1991 01 3 1 10.644
1992 01 3 1 106.683
1993 01 3 0 34.5385
1994 01 3 0 0.000857216
1995 01 3 1 29.0462
1996 01 3 1 2.98214
1997 01 3 0 72.0891
1998 01 3 1 29.525
1999 01 3 1 481.775
2000 01 3 1 3.81199
2001 01 3 1 134.206
2002 01 3 0 228.851
2003 01 3 1 85.9575
2004 01 3 0 57.7418
2005 01 3 1 876.624
2006 01 3 1 0.279603
2007 01 3 1 4.22399
2008 01 3 1 103.182
2009 01 3 1 0.15535
2010 01 3 1 0.339048
2011 01 3 1 0.000106323
2012 01 3 1 0.000120621
2013 01 3 0 0.0325105
2014 01 3 0 0.402226
2015 01 3 1 2.87682e-05
2016 01 3 1 0.327081
2017 01 3 0 2.70437
1983 02 4 1 0.50682
1984 02 4 0 15.9795
1985 02 4 1 261.532
1986 02 4 1 3.40288
1987 02 4 1 70.2096
1988 02 4 0 46.9326
1989 02 4 1 0.0720568
1990 02 4 0 0.000515308
1991 02 4 0 3.9071
1992 02 4 1 216.54
1993 02 4 1 37.5476
1994 02 4 0 0.000969814
1995 02 4 1 17.5029
1996 02 4 1 0.000574089
1997 02 4 0 37.6678
1998 02 4 1 9.26609
1999 02 4 1 73.7048
2000 02 4 1 0.721133
2001 02 4 1 58.1987
2002 02 4 0 51.4568
2003 02 4 1 28.9059
2004 02 4 0 15.8303
2005 02 4 0 82.0851
2006 02 4 1 0.163585
2007 02 4 0 45.703
2008 02 4 1 30.7542
2009 02 4 1 0.191341
2010 02 4 1 68.1352
2011 02 4 1 0.410835
2012 02 4 1 0.000148768
2013 02 4 0 0.000116587
2014 02 4 0 0.0946127
2015 02 4 1 0.0110808
2016 02 4 1 588.889
2017 02 4 0 235.356
1982 12 0 1 0.897 1.90
1983 12 0 0 0.492 58.2
1984 12 0 1 1.48 168.9
1985 12 0 0 114.8 1402
1986 12 0 1 336.1 286.5
1987 12 0 1 122.5 150.5
1988 12 0 1 0.041 93.0
1989 12 0 0 0.002 19.6
1990 12 0 1 9.21 24.0
1991 12 0 1 382.8 57.4
1992 12 0 0 48.9 69.6
1993 12 0 0 0.0 0.0
1994 12 0 1 26.8 30.8
1995 12 0 1 2.07 321.3
1996 12 0 0 99.2 599.4
1997 12 0 1 9.38 30.7
1998 12 0 1 304.8 597.7
1999 12 0 1 1.92 5.70
2000 12 0 1 234.6 577.2
2001 12 0 0 536.6 1442
2002 12 0 1 142.6 1586
2003 12 0 0 63.4 181.8
2004 12 0 1 950.4 445.3
2005 12 0 1 0.127 6.47
2006 12 0 1 3.53 0.090
2007 12 0 1 111.5 137.1
2008 12 0 1 0.142 0.056
2009 12 0 1 0.610 8.28
2010 12 0 1 0.0 0.0
2011 12 0 1 0.0 0.672
2012 12 0 0 0.022 7.14
2013 12 0 0 0.412 74.6
2014 12 0 1 0.0 0.0
2015 12 0 1 18.3 79.6
2016 12 0 0 137.2 133.6
1982 12 1 1 1.24363
1983 12 1 0 3.72777
1984 12 1 1 31.2371
1985 12 1 0 24.8007
1986 12 1 1 115.337
1987 12 1 1 29.7867
1988 12 1 1 8.43031
1989 12 1 0 2.3263
1990 12 1 1 4.42029
1991 12 1 1 16.1439
1992 12 1 0 52.29
1993 12 1 0 0.000925009
1994 12 1 1 44.0978
1995 12 1 1 817.13
1996 12 1 0 128.897
1997 12 1 1 8.63078
1998 12 1 1 27.4329
1999 12 1 1 2.2882
2000 12 1 1 9.68693
2001 12 1 0 119.155
2002 12 1 1 355.778
2003 12 1 0 6.80167
2004 12 1 1 99.1905
2005 12 1 1 0.836566
2006 12 1 1 0.0781839
2007 12 1 1 15.9629
2008 12 1 1 0.00654059
2009 12 1 1 10.0149
2010 12 1 1 5.21397e-06
2011 12 1 1 0.264371
2012 12 1 0 2.46671
2013 12 1 0 0.0517331
2014 12 1 1 3.6768e-06
2015 12 1 1 0.419704
2016 12 1 0 0.741175
1983 01 2 1 16.8598
1984 01 2 1 0.0931909
1985 01 2 1 1.70465
1986 01 2 1 232.044
1987 01 2 1 228.699
1988 01 2 1 197.817
1989 01 2 1 0.164817
1990 01 2 0 0.0138036
1991 01 2 1 8.16624
1992 01 2 1 121.279
1993 01 2 0 88.1477
1994 01 2 0 0.00190811
1995 01 2 1 28.5042
1996 01 2 1 4.95253
1997 01 2 0 101.836
1998 01 2 1 36.0438
1999 01 2 1 170.889
2000 01 2 1 1.62529
2001 01 2 1 186.819
2002 01 2 0 596.97
2003 01 2 1 168.275
2004 01 2 0 23.0399
2005 01 2 1 560.147
2006 01 2 1 0.0360815
2007 01 2 1 2.10006
2008 01 2 1 25.6932
2009 01 2 1 0.166874
2010 01 2 1 0.676594
2011 01 2 1 6.08718e-05
2012 01 2 1 8.48893e-05
2013 01 2 0 0.0295149
2014 01 2 0 0.831195
2015 01 2 1 8.22146e-05
2016 01 2 1 0.335667
2017 01 2 0 1.0964
1983 02 3 1 0.235901
1984 02 3 0 15.1418
1985 02 3 1 186.705
1986 02 3 1 2.39754
1987 02 3 1 102.414
1988 02 3 0 31.8938
1989 02 3 1 0.113699
1990 02 3 0 0.000507604
1991 02 3 0 4.64232
1992 02 3 1 218.391
1993 02 3 1 23.4859
1994 02 3 0 0.000575462
1995 02 3 1 19.4025
1996 02 3 1 0.000373246
1997 02 3 0 52.0902
1998 02 3 1 14.3465
1999 02 3 1 29.0816
2000 02 3 1 0.320504
2001 02 3 1 64.4822
2002 02 3 0 51.6157
2003 02 3 1 53.7686
2004 02 3 0 21.8151
2005 02 3 0 55.7161
2006 02 3 1 0.225378
2007 02 3 0 39.3619
2008 02 3 1 41.3917
2009 02 3 1 0.183263
2010 02 3 1 138.851
2011 02 3 1 0.252497
2012 02 3 1 0.000135905
2013 02 3 0 0.000133843
2014 02 3 0 0.110956
2015 02 3 1 0.0232802
2016 02 3 1 758.091
2017 02 3 0 247.427
1983 03 4 1 20.199
1984 03 4 0 2.30389
1985 03 4 1 11.9426
1986 03 4 0 5.72951
1987 03 4 1 31.075
1988 03 4 0 10.7985
1989 03 4 1 1.06937
1990 03 4 0 0.103277
1991 03 4 0 19.0102
1992 03 4 1 47.6232
1993 03 4 1 16.919
1994 03 4 0 0.200162
1995 03 4 0 12.4142
1996 03 4 0 1.82823
1997 03 4 0 13.0356
1998 03 4 1 7.66585
1999 03 4 1 6.96757
2000 03 4 1 2.13746
2001 03 4 0 17.7706
2002 03 4 0 16.6189
2003 03 4 1 16.2305
2004 03 4 0 18.442
2005 03 4 0 23.8887
2006 03 4 1 2.90332
2007 03 4 0 33.3362
2008 03 4 1 17.0788
2009 03 4 1 8.57261
2010 03 4 1 89.5613
2011 03 4 1 2.16453
2012 03 4 0 0.242685
2013 03 4 0 167.85
2014 03 4 0 40.3577
2015 03 4 1 0.12123
2016 03 4 1 1.23024
2017 03 4 0 2.98481
